method_id,type,original_language,post_date,updated_date,city,province,country,method_types,purpose_method,completeness,collections
4915,method,en,2017-05-18 18:00:12,2018-07-16 22:01:11.958028,,,,{},{},,{}
7844,method,en,2021-12-08 18:31:53.731075,2021-12-08 18:31:53.731075,,,,{},{},,
628,method,en,2012-07-12 23:58:52,2018-07-16 22:01:01.162516,,,,{},{},,{}
4917,method,en,2017-05-20 14:39:11,2018-07-16 22:01:18.103803,,,,{},{},,{}
4916,method,en,2017-05-18 18:43:06,2018-07-16 22:01:09.154399,,,,{},{},,{}
5016,method,en,2017-08-22 00:00:00,2020-06-01 00:00:00,,,,"{participatory,experiential,deliberative}","{develop,academic,make}",complete,{}
5307,method,en,2018-06-14 00:00:00,2020-12-24 00:00:00,,,,"{informal,experiential}",{},complete,{}
5408,method,en,2018-07-21 22:59:54.76566,2018-07-21 22:59:54.783028,,,,{},{},,{}
4381,method,en,2016-05-16 00:00:00,2021-07-08 00:00:00,,,,"{planning,collaborative}","{make,make_influence}",partial_content,{}
13413,method,en,2024-09-06 11:49:44.436767,2024-09-06 11:49:44.436767,,,,{},{},,{}
169,method,en,2010-06-04 00:00:00,2020-07-21 00:00:00,,,,"{deliberative,experiential}",{develop},complete,{}
5308,method,en,2018-06-14 14:32:23.053918,2018-08-06 16:05:22.736377,,,,{},{},,{}
13421,method,en,2024-09-16 06:14:49.402798,2024-09-16 06:14:49.402798,,,,{collaborative},{},,{}
543,method,en,2012-02-29 23:40:54,2018-07-16 21:59:39.307799,,,,{},{},,{}
5305,method,en,2018-06-13 00:00:00,2019-08-05 04:42:25.120639,,,,{},{},,{}
484,method,en,2012-01-11 00:00:00,2020-03-03 00:00:00,,,,{},{},,{}
5651,method,en,2019-03-20 12:32:48.134315,2019-03-20 17:54:28.030372,,,,{},{},,{}
7849,method,en,2021-12-08 18:40:31.105478,2021-12-08 18:40:31.105478,,,,{},{},,
387,method,en,2011-11-30 00:00:00,2020-02-11 00:00:00,,,,{},"{make,make_influence}",stub,{}
13439,method,en,2024-10-09 23:25:29.122904,2024-10-09 23:25:29.122904,,,,{},{},,{}
5768,method,en,2019-05-02 14:57:43.063715,2019-05-02 14:57:43.083985,,,,{},{},,{}
459,method,en,2011-12-30 00:00:00,2020-06-01 00:00:00,,,,"{experiential,community}","{develop,deliver}",stub,{}
4434,method,en,2016-06-19 00:00:00,2020-01-13 00:00:00,,,,{deliberative},{make},partial_citations,{}
5413,method,en,2018-08-04 22:06:22.73878,2018-08-04 22:06:22.756893,,,,{},{},,{}
176,method,en,2010-09-13 00:00:00,2020-03-03 00:00:00,,,,{},{},,{}
520,method,en,2012-02-09 00:00:00,2020-08-27 00:00:00,,,,"{longterm,community}","{make_influence,make,develop}",partial_citations,{}
13463,method,en,2024-11-04 12:14:55.548558,2024-11-04 12:14:55.548558,,,,"{community,evaluation,deliberative}",{},,{}
6411,method,en,2020-02-07 00:00:00,2020-02-21 00:00:00,,,,{participatory},{},stub,{}
13454,method,en,2024-10-25 16:01:35.83988,2024-10-25 16:01:35.83988,,,,"{collaborative,deliberative}",{},,{}
4795,method,en,2017-02-08 00:00:00,2020-08-10 00:00:00,,,,"{informal,participantled,collaborative}","{develop,make}",partial_content,{}
4150,method,en,2014-11-26 12:58:32,2018-07-16 21:57:37.348372,,,,{},{},,{}
5362,method,en,2018-06-29 08:43:38.463033,2018-07-16 08:25:16.779109,,,,{},{},,{}
5647,method,en,2019-03-13 23:08:32.340555,2019-03-19 23:29:29.778009,,,,{},{},,{}
6296,method,en,2019-11-11 00:00:00,2020-02-11 00:00:00,,,,{},{},,{}
5746,method,en,2019-04-08 15:52:13.062162,2019-04-08 16:03:08.588146,,,,{},{},,{}
6092,method,en,2019-09-22 00:00:00,2020-06-05 00:00:00,,,,{},{},stub,{6492}
4848,method,en,2017-03-23 00:00:00,2021-02-01 00:00:00,,,,"{informal,participatory,participantled}",{develop},complete,{}
6244,method,en,2019-11-03 00:00:00,2020-08-10 00:00:00,,,,"{informal,deliberative,evaluation}",{make},stub,{}
5644,method,en,2019-03-05 00:00:00,2019-06-30 17:47:39.017876,,,,{},{},,{}
5181,method,en,2018-02-01 00:37:03,2019-04-29 05:39:04.320884,,,,{},{},,{}
626,method,en,2012-07-12 23:56:24,2018-07-16 22:01:16.365696,,,,{},{},,{}
7852,method,en,2021-12-08 22:33:11.1738,2021-12-08 22:33:11.1738,,,,{},{},,
6094,method,en,2019-09-22 00:00:00,2020-11-12 00:00:00,,,,"{collaborative,community,internal}",{},stub,{}
184,method,en,2010-12-07 00:00:00,2020-03-21 00:00:00,,,,"{informal,deliberative,participantled}",{develop},complete,{}
5754,method,en,2019-04-20 23:17:41.708539,2019-04-20 23:22:36.359782,,,,{},{},partial_citations,{}
5638,method,en,2019-02-27 18:18:28.944939,2019-03-11 22:06:01.268074,,,,{},{},stub,{}
8099,method,en,2022-03-21 00:00:00,2022-03-21 14:33:09.612029,,,,"{experiential,collaborative,informal}",{},,{}
736,method,en,2012-12-05 10:56:18,2018-07-16 21:59:45.3318,,,,{},{},,{}
4352,method,en,2016-04-30 00:00:00,2021-06-05 00:00:00,,,,"{collaborative,planning}",{},stub,{}
559,method,en,2012-04-11 10:04:33,2018-07-16 21:59:27.335,,,,{},{},,{}
13337,method,fr,2024-07-12 13:53:39.871234,2024-07-12 13:53:39.871234,,,,{},{},,{}
5419,method,en,2018-08-29 20:50:15.752985,2018-09-01 22:13:34.067751,,,,{},{},,{}
5425,method,en,2018-09-03 16:20:29.922649,2018-09-03 16:22:34.503477,,,,{},{},,{}
5646,method,en,2019-03-05 00:00:00,2019-03-05 00:00:00,,,,{},{},stub,{}
7861,method,en,2021-12-08 23:56:16.909487,2021-12-08 23:56:16.909487,,,,{},{},,
474,method,en,2012-01-09 23:33:02,2018-07-16 22:01:04.687439,,,,{},{},,{}
7012,method,en,2020-09-24 00:00:00,2020-09-24 00:00:00,,,,{public_meetings},{},,{}
11942,method,en,2022-10-20 10:50:52.279643,2022-10-20 10:50:52.279643,,,,{collaborative},{},,{}
580,method,en,2012-04-29 00:00:00,2021-06-27 00:00:00,,,,{direct},{make},complete,{}
5361,method,en,2018-06-29 08:35:54.371443,2019-05-08 16:28:38.33706,,,,{},{},stub,{}
6046,method,en,2019-08-31 00:00:00,2019-08-31 18:59:31.392839,,,,"{community,evaluation,collaborative}",{develop},partial_editing,{}
163,method,en,2010-06-03 00:00:00,2020-03-23 00:00:00,,,,"{deliberative,collaborative,experiential}","{develop,make}",partial_citations,{}
6748,method,en,2020-07-18 00:00:00,2020-07-28 00:00:00,,,,"{collaborative,deliberative,research}",{},stub,{}
4938,method,en,2017-06-16 00:00:00,2021-05-24 00:00:00,,,,"{collaborative,informal}",{},partial_content,{}
167,method,en,2010-06-03 00:00:00,2021-03-17 00:00:00,,,,{informal},{},complete,{}
5424,method,en,2018-09-03 16:17:38.142888,2018-09-03 22:50:47.646354,,,,{},{},,{}
4319,method,en,2016-02-11 00:00:00,2020-12-04 00:00:00,,,,"{planning,community,deliberative}","{make,make_influence}",partial_content,{}
196,method,en,2010-09-28 00:00:00,2020-01-16 00:00:00,,,,{direct},"{make,develop}",partial_content,{}
5007,method,en,2017-08-21 08:37:08,2018-07-16 22:04:46.088514,,,,{},{},,{}
4681,method,en,2016-11-29 04:15:27,2018-07-16 21:59:42.511204,,,,{},{},,{}
11948,method,en,2022-10-20 11:22:27.342281,2022-10-20 11:22:27.370569,,,,{collaborative},{},,{}
4646,method,en,2016-11-02 19:18:50,2018-08-02 16:12:10.741441,,,,{},{},,{}
5314,method,en,2018-06-15 09:38:18.745286,2018-07-16 22:01:13.757001,,,,{},{},,{}
5830,method,en,2019-06-09 00:00:00,2019-08-07 15:58:27.29017,,,,"{informal_participation,community,research}",{},,{}
8106,method,en,2022-03-24 00:00:00,2022-03-24 17:03:23.077565,,,,{evaluation},{},,{}
7951,method,en,2021-12-21 00:00:00,2021-12-21 16:28:07.777855,,,,{},{},,{}
8197,method,en,2022-05-01 20:51:57.389537,2022-06-02 18:24:27.685138,,,,"{deliberative,collaborative,experiential}",{},,{}
6569,method,en,2020-05-29 08:58:49.310602,2022-04-14 15:55:34.88304,,,,"{collaborative,deliberative,planning}","{develop,academic}",,{}
5403,method,en,2018-07-19 22:42:09.249927,2018-08-13 23:40:42.420667,,,,{},{},,{}
7851,method,en,2021-12-08 22:33:07.876738,2021-12-08 22:33:07.876738,,,,{},{},,
5817,method,en,2019-06-03 00:00:00,2019-06-03 21:23:22.804585,,,,{},{},,{}
547,method,en,2012-03-01 11:28:22,2018-07-16 22:01:21.983817,,,,{},{},,{}
6319,method,en,2019-11-24 00:00:00,2019-11-25 00:00:00,,,,"{direct,deliberative,community}",{},complete,{}
7387,method,en,2021-04-17 00:00:00,2021-04-17 00:00:00,,,,"{deliberative,participantled,public_meetings}",{make},,{}
4683,method,en,2016-11-30 03:25:31,2018-06-14 11:04:09.833861,,,,{},{},,{}
4591,method,en,2016-09-27 08:51:56,2018-10-18 22:02:44.778285,,,,{},{},,{}
4304,method,en,2016-02-02 00:00:00,2021-02-23 00:00:00,,,,{evaluation},{},partial_content,{}
172,method,en,2010-06-04 00:00:00,2020-07-09 00:00:00,,,,"{experiential,deliberative}",{develop},complete,{}
4395,method,en,2016-05-25 04:33:40,2018-11-11 00:16:49.630202,,,,{},{},,{}
4602,method,en,2016-10-03 00:00:00,2020-12-19 00:00:00,,,,{protest},"{make,make_influence}",stub,{}
5739,method,en,2019-04-06 16:00:43.782332,2019-04-06 16:00:43.797444,,,,{},{},,{}
188,method,en,2010-12-07 00:00:00,2023-08-15 17:20:28.446097,,,,"{community,deliberative,collaborative}","{develop,make,deliver}",complete,{}
4932,method,en,2017-06-06 06:46:23,2019-05-23 23:05:31.527498,,,,{},{},,{}
8158,method,en,2022-04-09 22:09:13.975528,2022-05-09 14:37:33.50582,,,,"{research,community,longterm}",{},,{}
5648,method,en,2019-03-14 16:35:40.912566,2019-03-14 16:35:40.951027,,,,{},{},,{}
5319,method,en,2018-06-19 06:30:34.55235,2018-10-31 06:27:39.134712,,,,{},{},,{}
6600,method,en,2020-06-21 00:00:00,2020-06-21 00:00:00,,,,{},{},,{}
6599,method,en,2020-06-21 00:00:00,2020-06-21 00:00:00,,,,{},{},,{}
6598,method,en,2020-06-21 00:00:00,2020-06-21 00:00:00,,,,{},{},,{}
6597,method,en,2020-06-21 00:00:00,2020-06-21 00:00:00,,,,{},{},,{}
6096,method,en,2019-09-22 00:00:00,2020-11-13 00:00:00,,,,"{collaborative,community,internal}","{deliver,develop}",stub,{}
6465,method,en,2020-04-03 00:00:00,2021-07-28 00:00:00,,,,"{evaluation,community}","{deliver,develop}",stub,{6499}
592,method,en,2012-05-29 00:00:00,2021-10-25 03:12:33.278731,,,,"{deliberative,experiential}","{develop,make,make_influence}",complete,{}
5030,method,en,2017-08-23 11:02:04,2018-07-02 10:08:52.940005,,,,{},{},,{}
4651,method,en,2016-11-08 00:00:00,2021-07-07 00:00:00,,,,{},{},partial_content,{6581}
7764,method,de,2021-11-02 13:30:20.594211,2024-07-31 09:00:46.668994,,,,{collaborative},{},,{}
12383,method,en,2023-03-13 20:47:34.122687,2023-03-13 20:47:34.122687,,,,{},{},,{}
5214,method,en,2018-02-15 00:00:00,2020-03-10 00:00:00,,,,"{collaborative,community}","{develop,make}",complete,{}
155,method,en,2010-05-21 00:00:00,2021-10-25 02:56:05.768563,,,,{deliberative},{make},complete,{}
4467,method,en,2016-07-04 00:00:00,2020-05-13 13:05:05.480419,,,,"{collaborative,deliberative,informal}",{develop},complete,{}
518,method,en,2012-01-31 12:02:54,2019-02-15 23:55:07.156696,,,,{},{},,{}
151,method,en,2010-02-21 16:13:41,2019-03-23 16:56:18.962799,,,,{},{},,{}
566,method,en,2012-04-11 00:00:00,2020-02-08 00:00:00,,,,{deliberative},{develop},stub,{}
4258,method,en,2015-07-02 00:00:00,2021-04-29 16:11:59.734824,,,,{deliberative},{make},complete,{6492}
4777,method,en,2017-01-28 00:00:00,2021-03-23 00:00:00,,,,"{deliberative,collaborative}","{academic,make_influence,make}",complete,{}
145,method,en,2009-07-29 00:00:00,2020-08-31 00:00:00,,,,"{deliberative,collaborative}","{make,develop}",complete,{}
6836,method,en,2020-08-10 00:00:00,2020-08-17 00:00:00,,,,{community},"{deliver,develop}",complete,{6774}
13338,method,fr,2024-07-12 14:03:15.680739,2024-07-25 09:02:49.151325,,,,{deliberative},{},,{}
4317,method,en,2016-02-07 00:00:00,2021-06-25 00:00:00,,,,"{public,public_meetings,informal_participation}",{make},partial_content,{}
6771,method,en,2020-07-27 00:00:00,2020-08-17 00:00:00,,,,"{community,collaborative}","{deliver,make_influence,develop}",stub,{6774}
6473,method,en,2020-04-16 00:00:00,2020-04-17 00:00:00,,,,{},{},,{}
8357,method,en,2022-07-09 00:00:00,2022-07-09 16:06:44.887262,,,,{community},{},,{}
186,method,en,2010-12-07 09:23:54,2018-09-08 22:37:43.006701,,,,{},{},,{}
4343,method,en,2016-04-14 00:00:00,2020-08-26 00:00:00,,,,"{deliberative,collaborative,community}","{make,develop}",partial_citations,{}
5769,method,en,2019-05-02 02:00:00,2021-07-28 00:00:00,,,,"{planning,community,deliberative}",{develop},complete,{6492}
5370,method,en,2018-06-29 23:45:21.519033,2018-07-02 21:58:52.081904,,,,{},{},,{}
4828,method,en,2017-03-03 05:58:41,2022-03-30 03:29:55.213926,,,,{},{},stub,{}
6098,method,en,2019-09-22 00:00:00,2020-06-26 00:00:00,,,,{informal},"{make,develop}",stub,{6492}
174,method,en,2010-06-28 00:00:00,2021-05-04 00:00:00,,,,"{collaborative,deliberative,informal_participation}","{develop,make_influence,make}",complete,{}
195,method,en,2011-07-01 10:05:51,2018-07-16 21:59:24.855686,,,,{},{},,{}
775,method,en,2013-02-04 17:37:54,2018-07-16 21:59:20.766283,,,,{},{},,{}
5805,method,en,2019-05-20 00:00:00,2020-10-14 00:00:00,,,,{},{develop},partial_content,{6498}
8040,method,en,2022-03-09 23:09:32.001333,2022-03-10 07:24:07.434702,,,,"{deliberative,informal}",{},,{}
6661,method,en,2020-06-24 00:00:00,2021-02-04 10:03:57.001192,,,,{collaborative},"{deliver,develop}",complete,{6774}
5426,method,en,2018-09-03 16:36:25.408756,2018-09-04 22:39:01.085533,,,,{},{},,{}
4241,method,en,2015-06-10 00:00:00,2020-05-29 00:00:00,,,,{research},{},,{}
13040,method,en,2024-01-08 16:13:55.631625,2024-01-08 16:13:55.631625,,,,{},{},,{}
7755,method,en,2021-10-26 00:00:00,2022-07-28 18:15:44.825571,,,,"{community,deliberative,informal_participation}",{},complete,{8015}
152,method,en,2010-01-17 00:00:00,2021-02-25 00:00:00,,,,"{community,participantled,experiential}",{develop},complete,{}
4400,method,en,2016-05-26 04:59:05,2018-11-13 16:47:59.183485,,,,{},{},,{}
6048,method,en,2019-09-02 00:31:18.023,2019-09-02 00:31:18.093994,,,,{},{},stub,{}
165,method,en,2010-06-03 16:44:41,2018-07-16 22:00:58.678761,,,,{},{},,{}
6143,method,en,2019-10-14 00:00:00,2020-02-15 00:00:00,,,,"{community,collaborative}",{},stub,{}
4664,method,en,2016-11-20 12:03:00,2018-07-28 15:47:06.424079,,,,{},{},,{}
4700,method,en,2016-12-19 00:00:00,2020-07-28 00:00:00,,,,{deliberative},"{make,develop}",stub,{}
6410,method,en,2020-02-07 00:00:00,2020-04-02 00:00:00,,,,{participatory},{},stub,{6492}
4419,method,en,2016-06-06 00:00:00,2020-02-14 00:00:00,,,,"{research,deliberative}",{academic},partial_citations,{}
7413,method,en,2021-05-05 00:00:00,2021-07-29 00:00:00,,,,"{community,evaluation}","{develop,deliver}",stub,{}
159,method,en,2010-05-21 00:00:00,2020-09-17 00:00:00,,,,"{deliberative,longterm,community}","{make,develop}",complete,{}
5229,method,en,2018-02-22 00:00:00,2021-06-26 10:41:06.51876,,,,"{deliberative,participantled}",{make},complete,{}
161,method,en,2010-05-31 00:00:00,2021-02-19 00:00:00,,,,"{community,planning,research}","{develop,deliver}",complete,{}
6071,method,en,2019-09-08 00:00:00,2019-09-08 18:09:49.942628,,,,"{deliberative,direct,longterm}","{make,develop}",stub,{}
149,method,en,2009-11-14 00:00:00,2020-06-23 00:00:00,,,,"{participatory,community,participantled}",{develop},complete,{}
5764,method,en,2019-04-30 00:00:00,2021-07-28 00:00:00,,,,"{evaluation,community,collaborative}",{},complete,{}
4581,method,en,2016-09-21 00:00:00,2020-06-02 00:00:00,,,,"{deliberative,collaborative,planning}","{develop,make,deliver}",stub,{6492}
158,method,en,2010-05-25 10:17:53,2018-07-16 22:01:27.194039,,,,{},{},,{}
7181,method,en,2020-12-13 04:04:23.919,2020-12-13 00:00:00,,,,"{community,deliberative}",{},partial_citations,{}
4313,method,en,2016-02-04 00:00:00,2019-11-30 00:00:00,,,,"{direct,public}",{make},partial_citations,{}
428,method,en,2011-12-20 00:00:00,2020-01-13 00:00:00,,,,{deliberative},{},partial_citations,{}
5828,method,en,2019-06-08 00:00:00,2019-08-07 16:34:57.682276,,,,"{collaborative,public,direct}",{},stub,{}
6045,method,en,2019-08-28 00:00:00,2019-08-28 00:00:00,,,,{research},{},,{}
5315,method,en,2018-06-18 00:00:00,2019-06-01 21:58:10.615121,,,,{},{},,{}
5827,method,en,2019-06-07 00:00:00,2022-01-19 09:37:04.981463,,,,"{experiential,participatory,research}",{},complete,{}
2840,method,en,2014-05-02 00:00:00,2020-02-12 00:00:00,,,,"{planning,deliberative,collaborative}","{develop,make}",partial_citations,{}
5035,method,en,2017-08-24 08:47:18,2018-07-23 21:26:04.648032,,,,{},{},,{}
855,method,en,2013-04-12 12:04:51,2019-05-10 04:14:43.344873,,,,{},{},stub,{}
6142,method,en,2019-10-14 00:00:00,2019-10-14 16:28:12.674526,,,,"{collaborative,evaluation,internal}",{},stub,{}
4830,method,en,2017-03-05 00:00:00,2019-05-27 00:00:00,,,,{},{},,{}
6054,method,en,2019-09-05 00:00:00,2020-08-19 00:00:00,,,,"{collaborative,evaluation}","{make,develop}",stub,{}
6462,method,en,2020-04-03 00:00:00,2021-07-27 00:00:00,,,,"{community,evaluation}","{deliver,develop}",stub,{6499}
12137,method,en,2022-12-01 14:29:07.288243,2022-12-01 14:29:07.288243,,,,{},{},,{}
12296,method,en,2023-02-13 17:01:47.200769,2023-02-13 17:01:47.200769,,,,{},{},,{}
12331,method,en,2023-02-28 09:33:39.207917,2023-02-28 09:33:39.207917,,,,{},{},,{}
4826,method,en,2017-03-03 00:00:00,2021-02-01 00:00:00,,,,{},{},stub,{}
4600,method,en,2016-10-03 00:00:00,2020-11-29 00:00:00,,,,{protest},"{make_influence,make}",stub,{}
5310,method,en,2018-06-14 00:00:00,2019-07-25 16:24:46.070768,,,,{},{},,{}
6594,method,en,2020-06-16 00:00:00,2020-06-16 00:00:00,,,,"{research,experiential,evaluation}",{academic},partial_content,{}
6056,method,en,2019-09-06 00:00:00,2020-01-16 00:00:00,,,,"{collaborative,direct,evaluation}","{make,develop}",stub,{}
6463,method,en,2020-04-03 00:00:00,2021-07-27 00:00:00,,,,{},"{deliver,develop}",stub,{6499}
12369,method,en,2023-03-08 12:42:36.811111,2023-03-08 12:42:36.811111,,,,{},{},,{}
6464,method,en,2020-04-03 00:00:00,2021-07-28 00:00:00,,,,"{community,evaluation}","{deliver,develop}",stub,{6499}
6461,method,en,2020-04-03 00:00:00,2021-07-28 00:00:00,,,,"{community,evaluation}","{deliver,develop}",stub,{6499}
4678,method,en,2016-11-28 00:00:00,2021-04-17 00:00:00,,,,"{public_meetings,research,participantled}","{make,develop}",partial_citations,{}
150,method,en,2010-02-07 00:00:00,2021-07-08 00:00:00,,,,"{collaborative,planning,public_meetings}","{make,deliver,develop}",complete,{}
5810,method,en,2010-12-07 00:00:00,2019-05-29 20:48:57.759857,,,,{},{},,{}
6082,method,en,2019-09-12 18:25:11.995,2019-09-12 18:25:12.082863,,,,"{informal,participatory,informal_participation}",{},,{}
4784,method,en,2017-01-30 08:06:46,2018-11-13 17:19:55.863169,,,,{},{},,{}
11937,method,en,2022-10-20 09:59:01.487891,2022-10-20 09:59:01.5299,,,,{evaluation},{},,{}
6067,method,en,2019-09-08 00:00:00,2019-09-08 19:13:13.822532,,,,{},"{develop,make,make_influence}",stub,{}
6066,method,en,2019-09-08 00:00:00,2019-09-08 19:18:37.705372,,,,{},{make},stub,{}
6097,method,en,2019-09-22 00:00:00,2019-09-22 19:06:34.980351,,,,"{internal,experiential,collaborative}","{make_influence,develop,deliver}",,{}
6314,method,en,2019-11-20 00:00:00,2019-11-26 00:00:00,,,,"{deliberative,longterm}",{},partial_content,{}
560,method,en,2012-04-11 00:00:00,2019-11-11 00:00:00,,,,{deliberative},{develop},complete,{}
6565,method,en,2020-05-26 00:00:00,2020-06-29 00:00:00,,,,"{internal,deliberative,research}",{develop},stub,{}
6073,method,en,2019-09-11 00:00:00,2019-09-11 18:32:41.918105,,,,{evaluation},{},stub,{}
6137,method,en,2019-10-09 00:00:00,2020-04-21 00:00:00,,,,{experiential},{develop},stub,{6492}
6115,method,en,2019-10-05 00:00:00,2020-08-18 00:00:00,,,,{longterm},{},stub,{}
538,method,en,2012-02-29 00:00:00,2021-07-08 00:00:00,,,,"{evaluation,informal}",{make},complete,{6581}
6062,method,en,2019-09-06 00:00:00,2020-06-05 00:00:00,,,,"{direct,evaluation}","{make,develop}",stub,{}
194,method,en,2011-05-22 12:37:39,2019-05-01 07:47:18.970016,,,,{},{},stub,{}
629,method,en,2012-07-13 00:03:40,2020-01-19 15:48:18.250026,,,,{},{},,{}
5509,method,en,2018-11-20 00:00:00,2020-08-27 00:00:00,,,,"{experiential,deliberative}",{develop},stub,{}
5289,method,en,2018-05-21 00:00:00,2020-09-28 00:00:00,,,,"{community,collaborative}","{develop,deliver}",complete,{}
6478,method,en,2020-04-27 00:00:00,2020-05-20 00:00:00,,,,"{deliberative,longterm}","{develop,make}",stub,{6501}
5079,method,en,2017-09-30 00:00:00,2020-11-19 00:00:00,,,,"{collaborative,deliberative}",{},stub,{}
6227,method,en,2019-10-29 00:00:00,2022-04-06 17:57:12.933837,,,,"{deliberative,community,collaborative}","{make,develop}",complete,{}
6136,method,en,2019-10-09 00:00:00,2019-10-09 00:49:13.047879,,,,{experiential},{},stub,{}
1588,method,en,2013-12-02 17:59:57,2018-08-04 16:49:55.941084,,,,{},{},,{}
688,method,en,2012-11-10 00:00:00,2020-06-26 00:00:00,,,,"{deliberative,collaborative}",{make},partial_citations,{}
13074,method,fr,2024-01-23 09:56:00.221826,2024-01-23 09:56:00.221826,,,,{},{},,{}
164,method,en,2010-06-02 00:00:00,2020-03-27 15:16:48.577572,,,,{direct},{make},complete,{}
13075,method,fr,2024-01-23 09:56:01.091964,2024-01-23 09:56:01.091964,,,,{participatory},{},,{}
6212,method,en,2019-10-21 18:52:24.728,2019-10-21 18:52:24.748867,,,,{},{},stub,{}
6206,method,en,2019-10-21 00:00:00,2019-10-28 00:00:00,,,,{},{},stub,{}
5642,method,en,2019-03-05 00:00:00,2020-06-18 00:00:00,,,,{},{},partial_content,{}
6144,method,en,2019-10-14 00:00:00,2019-10-15 17:36:37.799171,,,,{direct},{},stub,{}
7801,method,en,2021-11-19 00:00:00,2021-11-23 16:12:13.297445,,,,{collaborative},{},,{}
7843,method,en,2021-12-08 18:30:23.154151,2021-12-08 18:30:23.154151,,,,{},{},,
7842,method,en,2021-12-08 18:30:09.8706,2021-12-08 18:30:09.8706,,,,{},{},,
7841,method,en,2021-12-08 18:30:07.426912,2021-12-08 18:30:07.426912,,,,{},{},,
7786,method,de,2021-11-11 15:55:41.766755,2022-03-24 10:30:23.492636,,,,"{deliberative,internal,informal_participation}",{},,{}
6589,method,en,2020-06-09 00:00:00,2020-06-09 00:00:00,,,,"{deliberative,collaborative,community}",{develop},partial_content,{}
6140,method,en,2019-10-12 00:00:00,2019-10-12 18:40:12.356452,,,,{deliberative},{},stub,{}
4939,method,en,2017-06-18 00:00:00,2020-01-23 00:00:00,,,,"{informal,protest,evaluation}","{develop,make}",complete,{}
13331,method,en,2024-07-09 17:37:10.515025,2024-07-09 17:37:10.515025,,,,{research},{},,{}
5237,method,en,2018-03-04 00:00:00,2020-01-16 00:00:00,,,,{deliberative},{develop},partial_content,{}
6579,method,en,2020-06-03 00:00:00,2021-02-11 00:00:00,,,,{deliberative},"{make,make_influence}",complete,{}
5998,method,en,2019-08-07 00:00:00,2019-08-16 19:46:50.051632,,,,{research},"{make,make_influence}",stub,{}
5368,method,en,2018-06-29 00:00:00,2021-03-19 00:00:00,,,,"{participatory,informal_participation,community}",{develop},stub,{}
190,method,en,2010-12-07 00:00:00,2020-08-05 00:00:00,,,,{deliberative},{},partial_citations,{}
5208,method,en,2018-02-14 07:05:08,2019-05-02 05:15:14.357499,,,,{},{},stub,{}
5363,method,en,2018-06-29 00:00:00,2019-08-23 19:24:47.259355,,,,{},{},complete,{}
5369,method,en,2018-06-29 12:37:28.469134,2019-05-02 05:18:15.365531,,,,{},{},partial_content,{}
799,method,en,2013-03-14 11:56:03,2019-05-01 07:47:08.491429,,,,{},{},stub,{}
4546,method,en,2016-08-16 00:00:00,2021-02-25 00:00:00,,,,{community},{deliver},stub,{}
565,method,en,2012-04-11 00:00:00,2020-06-16 00:00:00,,,,{research},{academic},complete,{}
8593,method,en,2022-09-29 00:00:00,2022-09-29 17:50:02.521608,,,,{},{},,{}
6601,method,en,2020-06-21 00:00:00,2020-06-21 00:00:00,,,,{},{},,{}
5812,method,en,2019-06-03 00:00:00,2021-03-14 00:00:00,,,,{evaluation},"{academic,make,deliver}",partial_content,{}
4526,method,en,2016-08-01 09:22:44,2019-04-30 05:37:58.538677,,,,{},{},stub,{}
13320,method,it,2024-09-04 02:26:08.520298,2024-09-04 02:26:08.520298,,,,"{community,deliberative,research}",{},,{}
5083,method,en,2017-10-09 00:00:00,2021-02-18 00:00:00,,,,"{informal_participation,informal}",{},complete,{}
179,method,en,2010-12-03 00:00:00,2020-06-13 00:00:00,,,,"{informal,experiential,community}","{develop,deliver}",partial_citations,{}
173,method,en,2010-08-27 19:08:51,2019-05-02 05:16:06.592818,,,,{},{},stub,{}
7285,method,en,2020-08-14 00:00:00,2021-03-10 00:00:00,,,,{experiential},{develop},stub,{}
5077,method,en,2017-09-29 15:21:25,2019-02-28 17:01:03.323574,,,,{},{},stub,{}
11936,method,en,2022-10-20 10:13:29.357365,2022-10-20 10:13:29.357365,,,,{evaluation},{},,{}
12044,method,en,,2022-11-09 10:54:04.416,,,,{research},{},stub,{}
12148,method,en,2022-12-07 11:29:35.513403,2022-12-07 11:29:35.513403,,,,{deliberative},{},,{}
12158,method,en,2022-12-18 23:50:40.733514,2022-12-18 23:50:40.733514,,,,{},{},,{}
4981,method,en,2017-07-29 00:00:00,2022-07-15 15:07:36.458271,,,,{},{},,{}
5086,method,en,2017-10-16 00:00:00,2020-01-25 00:00:00,,,,{deliberative},"{develop,make}",stub,{}
12147,method,en,2022-12-07 11:07:23.430271,2022-12-07 11:07:23.430271,,,,"{public,participatory}",{},,{}
12323,method,en,2023-02-24 09:51:12.22944,2023-02-24 09:51:12.22944,,,,{},{},,{}
4307,method,en,2016-02-03 00:00:00,2021-06-24 00:00:00,,,,"{public,participantled}","{make,develop}",stub,{}
4324,method,en,2016-02-16 00:00:00,2021-09-12 17:06:13.000911,,,,{},{develop},stub,{}
4849,method,en,2017-03-24 08:56:56,2019-05-10 02:00:38.719709,,,,{},{},partial_content,{}
4836,method,en,2017-03-12 00:00:00,2021-04-25 00:00:00,,,,"{community,deliberative}","{make,develop}",stub,{}
7765,method,en,2021-11-06 01:10:12.103372,2021-11-10 15:51:01.21462,,,,"{deliberative,direct,participantled}",{},,{}
5427,method,en,2018-09-03 00:00:00,2019-08-24 19:39:14.773601,,,,{},{},complete,{}
727,method,en,2012-11-28 00:00:00,2021-06-11 12:07:27.293287,,,,"{deliberative,planning}",{make},partial_citations,{}
4232,method,en,2015-05-25 00:00:00,2020-05-06 00:00:00,,,,{deliberative},"{make,develop}",partial_citations,{6501}
12297,method,en,2023-02-13 17:02:04.805569,2023-02-13 17:02:04.805569,,,,{},{},,{}
12159,method,en,2022-12-18 23:50:40.767531,2022-12-18 23:50:40.767531,,,,{},{},,{}
12299,method,en,2023-02-13 17:03:07.520698,2023-02-13 17:03:07.520698,,,,{},{},,{}
13323,method,en,2024-07-01 14:55:19.590239,2024-07-01 14:55:19.590239,,,,{},{},,{}
11947,method,en,2022-10-20 11:23:42.463199,2022-10-20 11:23:42.463199,,,,{collaborative},{},,{}
4935,method,en,2017-06-06 15:11:11,2019-05-09 05:55:42.103754,,,,{},{},stub,{}
639,method,en,2012-07-30 00:00:00,2020-06-17 00:00:00,,,,"{longterm,direct,deliberative}","{develop,make,deliver}",partial_citations,{}
5188,method,en,2018-02-01 00:00:00,2019-11-30 00:00:00,,,,"{planning,collaborative}","{develop,make}",stub,{}
631,method,en,2012-07-13 00:00:00,2020-07-11 00:00:00,,,,{deliberative},"{make,develop}",partial_content,{}
4652,method,en,2016-11-09 09:12:34,2019-05-02 21:40:40.80264,,,,{},{},partial_citations,{}
4345,method,en,2016-04-18 00:00:00,2021-03-10 00:00:00,,,,"{deliberative,collaborative}","{make,develop}",stub,{}
5594,method,en,2019-02-01 00:00:00,2021-05-03 00:00:00,,,,{},{develop},complete,{7125}
5309,method,en,2018-06-14 02:00:00,2021-10-13 16:44:36.777439,,,,{deliberative},"{develop,make}",complete,{}
11950,method,en,2022-10-20 11:25:27.769149,2022-10-20 11:25:27.800066,,,,{},{},,{}
4413,method,en,2016-06-05 01:56:02,2019-05-10 02:00:04.474429,,,,{},{},partial_citations,{}
4305,method,en,2016-02-02 09:09:07,2019-05-06 05:06:24.675249,,,,{},{},partial_citations,{}
4940,method,en,2017-06-18 18:23:12,2019-05-07 09:10:25.783534,,,,{},{},stub,{}
12423,method,en,2023-03-27 10:42:57.040695,2023-03-27 10:42:57.040695,,,,{},{},,{}
12386,method,en,2023-03-14 14:19:32.670712,2023-03-14 14:19:32.670712,,,,"{community,experiential}",{},,{}
183,method,en,2010-12-07 00:00:00,2020-03-15 00:00:00,,,,"{collaborative,research,planning}","{academic,deliver,make}",complete,{}
4827,method,en,2017-03-03 05:53:37,2020-08-08 19:09:15.043527,,,,{},{},stub,{}
7252,method,en,2021-01-26 00:00:00,2021-01-26 00:00:00,,,,{experiential},{},,{}
12505,method,en,2023-05-05 11:09:09.495772,2023-05-05 11:09:09.495772,,,,"{community,deliberative,participantled}",{},,{}
733,method,en,2012-12-03 00:00:00,2019-11-30 00:00:00,,,,{collaborative},{make},partial_citations,{}
5057,method,en,2017-09-23 00:00:00,2021-02-21 00:00:00,,,,"{community,collaborative,internal}",{develop},stub,{}
4314,method,en,2016-02-04 09:15:18,2019-05-01 07:47:38.219097,,,,{},{},partial_content,{}
4644,method,en,2016-11-01 00:00:00,2021-02-21 00:00:00,,,,"{deliberative,public_meetings}","{make,develop}",complete,{}
514,method,en,2012-01-28 06:05:53,2019-05-02 05:13:51.888888,,,,{},{},partial_content,{}
5095,method,en,2017-10-26 13:00:23,2019-05-09 05:55:51.66538,,,,{},{},stub,{}
166,method,en,2010-06-04 00:00:00,2023-05-09 16:57:20.886595,,,,"{deliberative,collaborative,experiential}","{develop,make,make_influence}",partial_content,{}
11999,method,en,2022-10-20 15:17:41.159338,2022-10-20 15:17:41.184752,,,,{evaluation},{},,{}
5179,method,en,2018-02-01 00:00:00,2020-02-07 00:00:00,,,,"{planning,collaborative,deliberative}","{make_influence,develop}",partial_content,{}
4825,method,en,2017-03-03 05:22:49,2019-05-06 05:03:35.575175,,,,{},{},stub,{}
4595,method,en,2016-10-03 00:00:00,2020-08-22 00:00:00,,,,"{collaborative,community,planning}","{make,deliver}",stub,{}
441,method,en,2011-12-23 17:17:25,2019-04-16 07:46:04.778489,,,,{},{},partial_content,{}
7571,method,en,2021-06-02 00:00:00,2021-06-22 00:00:00,,,,"{direct,research,internal}","{make_influence,make,academic}",partial_content,{}
7800,method,en,2021-11-19 00:00:00,2021-11-23 16:12:49.446501,,,,{collaborative},{},,{}
4883,method,en,2017-04-15 00:00:00,2021-03-14 00:00:00,,,,{},{develop},stub,{}
3431,method,en,2014-05-31 00:00:00,2022-07-15 15:08:54.649948,,,,{},{},,{}
1278,method,en,2013-09-07 00:00:00,2020-03-14 00:00:00,,,,{},"{develop,make_influence}",complete,{}
5098,method,en,2017-11-01 00:00:00,2020-02-07 00:00:00,,,,{community},{develop},stub,{}
5043,method,en,2017-09-03 00:00:00,2021-05-11 00:00:00,,,,{},"{develop,make}",partial_content,{}
4349,method,en,2016-04-26 02:00:00,2021-07-08 00:00:00,,,,"{collaborative,planning}","{make,make_influence}",partial_content,{}
162,method,en,2010-06-02 00:00:00,2019-10-29 00:00:00,,,,{public_meetings},{make},complete,{}
4908,method,en,2017-04-30 00:00:00,2021-02-21 00:00:00,,,,"{longterm,evaluation,public_meetings}","{make,develop}",complete,{6492}
6425,method,en,2020-03-06 00:00:00,2020-06-02 00:00:00,,,,"{collaborative,deliberative,community}","{make,deliver,develop}",,{}
6470,method,en,2020-04-08 00:00:00,2020-04-29 00:00:00,,,,"{collaborative,community,deliberative}","{develop,make}",complete,{}
5993,method,en,2019-08-07 00:00:00,2020-10-14 00:00:00,,,,"{planning,deliberative,community}",{make},partial_content,{6498}
5223,method,en,2018-02-21 00:00:00,2021-02-25 00:00:00,,,,"{deliberative,community}",{develop},stub,{}
4682,method,en,2016-11-30 00:00:00,2023-05-12 21:28:56.88889,,,,{deliberative},"{make,academic,make_influence}",complete,{}
457,method,en,2011-12-30 00:00:00,2021-07-08 00:00:00,,,,"{research,community,collaborative}","{develop,make}",stub,{}
4537,method,en,2016-08-09 00:00:00,2020-08-20 00:00:00,,,,{deliberative},{develop},complete,{}
12959,method,en,2023-12-11 03:40:18.281592,2023-12-11 03:40:18.281592,,,,"{evaluation,community,deliberative}",{},,{}
5178,method,en,2018-02-01 00:00:00,2020-05-19 00:00:00,,,,"{collaborative,community,deliberative}",{},stub,{6495}
12370,method,en,2023-03-08 12:42:37.478902,2023-03-08 12:42:37.478902,,,,"{community,collaborative,longterm}",{},,{}
12591,method,es,2023-06-13 19:34:06.155897,2023-06-13 19:34:06.155897,,,,"{research,participatory}",{},,{}
6000,method,en,2019-08-07 00:00:00,2019-08-16 19:49:20.691425,,,,"{research,evaluation}",{academic},stub,{}
598,method,en,2012-06-11 00:00:00,2019-08-05 23:40:05.49991,,,,{deliberative},"{make,make_influence,academic}",,{}
6460,method,en,2020-04-03 00:00:00,2020-04-07 00:00:00,,,,"{planning,evaluation}",{deliver},stub,{6499}
6506,method,en,2020-05-11 00:00:00,2020-05-11 00:00:00,,,,{deliberative},{},,{}
4733,method,en,2017-01-09 00:00:00,2020-03-15 00:00:00,,,,{},"{deliver,make_influence,make}",complete,{}
4582,method,en,2016-09-21 00:00:00,2020-08-09 00:00:00,,,,{deliberative},{develop},complete,{}
5180,method,en,2018-02-01 00:00:00,2020-05-14 00:00:00,,,,{},{},stub,{6495}
13078,method,fr,2024-01-25 12:31:41.250362,2024-01-25 12:31:41.250362,,,,{},{},,{}
13079,method,en,2024-01-25 23:44:20.879069,2024-01-25 23:44:20.879069,,,,"{collaborative,community}",{},,{}
4885,method,en,2017-04-17 00:00:00,2020-08-31 00:00:00,,,,{},{},complete,{}
7167,method,en,2020-11-26 00:00:00,2021-01-28 00:00:00,,,,{evaluation},{},stub,{}
4588,method,en,2016-09-22 00:00:00,2020-08-10 00:00:00,,,,"{deliberative,collaborative}",{develop},partial_content,{}
4766,method,en,2017-01-15 00:00:00,2019-09-26 18:43:10.448039,,,,"{planning,participatory,participantled}","{make,make_influence}",stub,{}
4298,method,en,2016-01-30 00:00:00,2020-01-13 00:00:00,,,,{experiential},{develop},partial_content,{}
4426,method,en,2016-06-15 00:00:00,2020-11-29 00:00:00,,,,{protest},"{make,make_influence}",stub,{}
7741,method,en,2021-10-12 00:00:00,2021-10-12 10:43:27.466,,,,"{informal,public_meetings}",{},,{}
4344,method,en,2016-04-16 00:00:00,2020-05-28 00:00:00,,,,"{direct,evaluation,collaborative}","{make,develop}",complete,{6492}
5511,method,en,2018-11-26 17:30:47.832314,2018-12-15 17:51:32.595428,,,,{},{},,{}
5412,method,en,2018-08-03 00:00:00,2020-03-24 00:00:00,,,,"{deliberative,collaborative}","{make,develop}",partial_content,{}
12967,method,en,2023-12-12 01:24:26.315096,2023-12-12 01:24:26.315096,,,,"{longterm,community,evaluation}",{},,{}
5157,method,en,2018-01-05 00:00:00,2019-08-05 23:36:10.13351,,,,{},{academic},stub,{}
12455,method,en,2023-04-19 02:11:27.012001,2023-04-19 02:11:27.012001,,,,{},{},,{}
12393,method,en,2023-03-14 15:34:47.421415,2023-03-14 15:34:47.421415,,,,{},{},,{}
7673,method,en,2021-08-20 10:16:12.746221,2021-08-30 12:24:49.657125,,,,{research},{academic},,{}
5154,method,en,2017-12-27 00:00:00,2020-05-08 00:00:00,,,,{},{develop},stub,{6492}
5397,method,en,2018-07-16 00:00:00,2021-02-20 00:00:00,,,,"{community,longterm}",{develop},complete,{}
7165,method,en,2020-11-25 00:00:00,2021-02-07 00:00:00,,,,"{collaborative,experiential,research}",{},stub,{}
5078,method,en,2017-09-29 00:00:00,2020-12-19 00:00:00,,,,"{informal_participation,experiential}",{},stub,{}
6472,method,en,2020-04-16 00:00:00,2020-06-02 00:00:00,,,,"{collaborative,community,research}","{develop,academic}",complete,{}
6486,method,en,2020-04-28 00:00:00,2020-06-02 00:00:00,,,,"{collaborative,deliberative,community}","{develop,make,make_influence}",,{}
6558,method,en,2020-05-20 00:00:00,2020-06-02 00:00:00,,,,"{collaborative,community,deliberative}",{},,{}
12939,method,en,2023-12-04 21:17:52.255421,2023-12-04 21:17:52.255421,,,,"{deliberative,public}",{},,{}
4912,method,en,2017-05-05 00:00:00,2020-04-12 00:00:00,,,,{direct},{make},stub,{6492}
7669,method,en,2021-08-12 00:00:00,2022-07-15 14:29:46.211148,,,,{deliberative},"{develop,make}",stub,{}
13211,method,en,2024-03-21 11:56:34.550083,2024-03-21 11:56:34.550083,,,,{},{},,{}
6070,method,en,2019-09-08 00:00:00,2020-06-05 00:00:00,,,,{},{make},stub,{6492}
5311,method,en,2018-06-15 00:00:00,2020-02-16 00:00:00,,,,{},{make},complete,{}
7662,method,en,2011-01-23 01:00:00,2021-10-13 17:01:43.312337,,,,{evaluation},{},partial_content,{}
4322,method,en,2016-02-13 00:00:00,2020-08-26 00:00:00,,,,"{participantled,planning,evaluation}","{develop,make}",stub,{}
6426,method,en,2020-03-08 00:00:00,2020-03-14 00:00:00,,,,{planning},{develop},complete,{}
12971,method,en,2023-12-12 02:59:06.803058,2023-12-12 02:59:06.803058,,,,"{community,deliberative,collaborative}",{},,{}
5312,method,en,2018-06-15 00:00:00,2020-02-08 00:00:00,,,,"{public_meetings,informal}","{develop,make}",complete,{}
12685,method,en,2023-07-18 06:45:43.79863,2023-07-18 06:45:43.79863,,,,{},{},,{}
8388,method,en,2022-08-02 00:00:00,2023-07-23 18:47:13.74428,,,,"{direct,evaluation,public}",{},,{}
4639,method,en,2016-10-18 00:00:00,2020-08-22 00:00:00,,,,"{deliberative,planning,collaborative}","{make,make_influence,develop}",complete,{}
12686,method,en,2023-07-18 06:45:45.953511,2023-07-18 06:45:45.953511,,,,"{collaborative,public_meetings,research}",{},,{}
12784,method,en,2023-08-13 09:46:02.586838,2023-08-13 09:46:02.586838,,,,{community},{},,{}
5451,method,en,2018-10-01 00:00:00,2020-12-24 00:00:00,,,,{},"{develop,academic}",complete,{6492}
7659,method,en,2014-04-17 00:00:00,2021-08-21 00:00:00,,,,"{evaluation,informal}","{develop,make}",partial_citations,{}
7658,method,en,2015-01-04 00:00:00,2021-07-30 00:00:00,,,,"{evaluation,informal,experiential}","{make,develop}",complete,{}
4980,method,en,2017-07-29 00:00:00,2020-01-16 00:00:00,,,,{},{make},stub,{}
4791,method,en,2017-02-02 00:00:00,2020-06-28 00:00:00,,,,"{experiential,community,planning}",{develop},complete,{6492}
7284,method,en,2021-03-10 00:00:00,2021-03-10 00:00:00,,,,{},{},,{}
5306,method,en,2018-06-14 00:00:00,2022-07-15 15:06:02.548316,,,,{},{},,{}
4918,method,en,2017-05-24 02:00:00,2021-10-14 14:18:53.402091,,,,"{collaborative,planning}",{make},stub,{}
160,method,en,2010-06-02 00:00:00,2020-06-27 00:00:00,,,,"{planning,deliberative,collaborative}","{make,develop,make_influence}",complete,{}
12384,method,en,2023-03-13 00:00:00,2023-05-25 19:22:51.655623,,,,"{collaborative,evaluation,longterm}",{},,{}
12580,method,en,2023-06-06 04:24:04.963104,2023-06-06 04:24:04.963104,,,,{collaborative},{},,{}
12957,method,en,2023-12-11 03:13:04.901265,2023-12-11 03:13:04.901265,,,,"{evaluation,community,deliberative}",{},,{}
12739,method,en,2023-08-06 22:04:55.507863,2023-08-06 22:04:55.507863,,,,{},{},,{}
12975,method,en,2023-12-12 05:30:26.670809,2023-12-12 05:30:26.670809,,,,{},{},,{}
12786,method,en,2023-08-16 07:40:52.742388,2023-08-16 07:40:52.742388,,,,{},{},,{}
12812,method,en,2023-09-08 22:46:19.433456,2023-09-08 22:46:19.433456,,,,{},{},,{}
4579,method,en,2016-09-19 00:00:00,2021-11-06 18:04:04.56433,,,,"{planning,informal}","{make,academic,make_influence}",complete,{}
4907,method,en,2017-04-29 00:00:00,2020-06-23 00:00:00,,,,"{community,deliberative,evaluation}","{develop,deliver}",complete,{6492}
4831,method,en,2017-03-06 00:00:00,2020-03-22 00:00:00,,,,{public_meetings},{},partial_content,{}
12813,method,en,2023-09-11 04:12:21.260626,2023-09-11 04:12:21.260626,,,,"{collaborative,deliberative,direct}",{},,{}
12892,method,en,2023-10-30 16:03:35.743692,2023-10-30 16:03:35.743692,,,,"{deliberative,participatory}",{},,{}
12897,method,en,2023-10-30 20:18:39.179637,2023-10-30 20:18:39.179637,,,,{},{},,{}
12891,method,en,2023-10-30 14:21:01.847184,2023-10-30 14:21:01.847184,,,,"{research,deliberative,participatory}",{},,{}
12898,method,en,2023-10-30 20:35:43.023878,2023-10-30 20:35:43.023878,,,,"{deliberative,research,participatory}",{},,{}
12934,method,en,,2023-12-01 16:28:00.655,,,,{},{},,{}
5364,method,en,2018-06-29 00:00:00,2023-12-12 02:54:45.620203,,,,"{community,planning,deliberative}",{},stub,{}
4620,method,en,2016-10-05 00:00:00,2020-06-25 00:00:00,,,,"{informal,collaborative}","{make,make_influence}",complete,{6492}
4897,method,en,2017-04-24 00:00:00,2022-07-12 12:09:09.598657,,,,"{community,deliberative,collaborative}",{},,{}
5082,method,en,2017-10-05 00:00:00,2021-01-02 00:00:00,,,,{},"{make,develop}",stub,{}
530,method,en,2012-02-26 00:00:00,2020-06-30 00:00:00,,,,"{experiential,deliberative}",{develop},complete,{}
4862,method,en,2017-04-03 00:00:00,2021-02-02 00:00:00,,,,"{participatory,community}",{develop},complete,{}
6741,method,it,2020-07-17 00:00:00,2020-08-07 00:00:00,,,,"{collaborative,community,informal}",{develop},stub,{}
12606,method,en,2023-06-18 20:57:55.615248,2023-06-18 20:57:55.615248,,,,{community},{},,{}
5058,method,en,2017-09-23 00:00:00,2020-08-04 00:00:00,,,,"{planning,collaborative,community}","{make,make_influence}",stub,{}
6785,method,en,2020-07-28 00:00:00,2020-08-07 00:00:00,,,,{collaborative},{},complete,{}
7172,method,en,2020-12-04 00:00:00,2020-12-05 00:00:00,,,,"{deliberative,research,planning}",{},stub,{}
5415,method,en,2010-05-31 00:00:00,2020-07-10 00:00:00,,,,"{public,planning,community}","{develop,make}",partial_content,{}
4796,method,en,2017-02-08 00:00:00,2019-12-30 00:00:00,,,,"{deliberative,planning,collaborative}",{make},partial_content,{}
6256,method,en,2019-11-07 00:00:00,2020-08-10 00:00:00,,,,"{informal,experiential,deliberative}",{make},partial_content,{}
6095,method,en,2019-09-22 00:00:00,2020-11-18 00:00:00,,,,"{collaborative,community,internal}",{},stub,{6492}
6888,method,it,2020-08-27 00:00:00,2021-02-07 00:00:00,,,,"{collaborative,community,deliberative}","{make,make_influence,develop}",partial_content,{}
12970,method,en,2023-12-12 02:59:05.907032,2023-12-12 02:59:05.907032,,,,{},{},,{}
7083,method,en,2020-09-30 00:00:00,2021-02-16 00:00:00,,,,"{collaborative,deliberative,research}",{},complete,{}
7013,method,en,2020-09-24 00:00:00,2020-09-24 00:00:00,,,,{public},{},,{}
7156,method,it,2020-10-30 00:00:00,2021-01-28 00:00:00,,,,{experiential},{},,{}
13206,method,en,2024-03-20 19:18:33.711924,2024-03-20 19:18:33.711924,,,,{},{},,{}
4601,method,en,2016-10-03 00:00:00,2020-11-29 00:00:00,,,,{protest},"{make,make_influence}",stub,{}
6507,method,en,2020-05-11 00:00:00,2020-05-24 00:00:00,,,,"{deliberative,collaborative}","{make,academic}",partial_citations,{6501}
5097,method,en,2017-10-31 00:00:00,2020-05-25 00:00:00,,,,"{deliberative,experiential}","{develop,make_influence,make}",complete,{}
4451,method,en,2016-06-25 00:00:00,2021-07-13 00:00:00,,,,"{participatory,collaborative,community}","{develop,deliver}",complete,{}
12886,method,en,,2023-10-29 02:56:21.294,,,,"{community,experiential}",{},stub,{6497}
794,method,en,2013-03-07 00:00:00,2020-11-29 00:00:00,,,,{protest},"{make,make_influence}",stub,{}
13170,method,nl,2024-03-13 08:26:27.046487,2024-03-13 08:26:27.046487,,,,"{collaborative,deliberative,community}",{},,{}
7708,method,en,2021-10-10 00:00:00,2022-07-15 14:26:55.408982,,,,{},{},,{}
4933,method,en,2017-06-06 00:00:00,2020-12-30 00:00:00,,,,{collaborative},{develop},stub,{}
13224,method,en,2024-04-05 03:17:06.571002,2024-04-05 03:17:06.571002,,,,"{community,collaborative,longterm}",{},,{}
6886,method,it,2020-08-27 00:00:00,2021-01-24 00:00:00,,,,{community},"{develop,make}",partial_content,{}
4534,method,en,2016-08-09 00:00:00,2020-06-01 00:00:00,,,,"{planning,research,community}","{develop,deliver}",stub,{6492}
4357,method,en,2016-05-03 00:00:00,2021-03-10 00:00:00,,,,"{evaluation,deliberative}","{make,develop,deliver}",partial_citations,{}
13171,method,en,2024-03-13 15:56:13.229802,2024-03-13 15:56:13.229802,,,,"{community,deliberative}",{},,{}
7385,method,en,2021-04-16 20:21:05.09274,2021-04-17 00:36:31.598616,,,,{informal_participation},{develop},,{}
147,method,en,2009-11-06 00:00:00,2020-12-31 00:00:00,,,,"{deliberative,experiential}","{make,develop,academic}",complete,{}
7506,method,en,2021-05-17 00:00:00,2021-05-19 00:00:00,,,,{},{},,{}
5042,method,en,2017-09-03 00:00:00,2021-03-14 00:00:00,,,,{evaluation},"{make,develop}",stub,{}
5365,method,en,2018-06-29 00:00:00,2024-10-22 17:24:11.028613,,,,"{collaborative,planning}",{},stub,{}
5450,method,en,2010-09-29 00:00:00,2020-09-01 00:00:00,,,,"{collaborative,deliberative}","{make,make_influence,develop}",complete,{}
5433,method,en,2018-09-15 00:00:00,2020-01-20 00:00:00,,,,"{deliberative,public_meetings}",{make},stub,{}
12324,method,en,2023-02-24 09:51:12.90512,2023-02-24 09:51:12.90512,,,,"{research,community,deliberative}",{},,{}
529,method,en,2012-02-26 00:00:00,2020-01-29 00:00:00,,,,"{deliberative,planning}","{make,develop}",complete,{}
181,method,en,2010-12-06 00:00:00,2020-01-25 00:00:00,,,,{experiential},{develop},partial_citations,{}
7802,method,en,2021-11-19 00:00:00,2021-11-23 16:10:36.905343,,,,{},{},,{}
185,method,en,2010-06-08 00:00:00,2020-07-21 00:00:00,,,,"{deliberative,experiential}","{develop,make_influence,make}",complete,{}
1257,method,en,2013-08-26 00:00:00,2022-07-15 15:09:26.321176,,,,{},{},,{}
6340,method,en,2020-01-01 00:00:00,2020-01-08 00:00:00,,,,"{community,deliberative,collaborative}",{},stub,{}
985,method,en,2013-05-30 00:00:00,2019-12-08 00:00:00,,,,"{collaborative,deliberative}","{make,make_influence}",stub,{}
5402,method,en,2018-07-19 00:00:00,2019-11-22 00:00:00,,,,{deliberative},"{deliver,develop}",partial_editing,{}
5367,method,en,2018-04-17 00:00:00,2020-09-14 00:00:00,,,,"{community,collaborative,deliberative}","{develop,make}",complete,{}
4380,method,en,2016-05-16 00:00:00,2020-06-19 00:00:00,,,,"{collaborative,planning,deliberative}","{make,make_influence}",complete,{}
5149,method,en,2017-12-04 00:00:00,2020-08-31 00:00:00,,,,"{community,informal_participation}","{develop,deliver}",complete,{6774}
191,method,en,2010-12-08 00:00:00,2022-05-05 08:32:11.630871,,,,{direct},{make},partial_citations,{}
4951,method,en,2017-06-25 00:00:00,2020-05-08 00:00:00,,,,"{experiential,collaborative}",{develop},stub,{6492}
4328,method,en,2016-02-29 00:00:00,2020-01-24 00:00:00,,,,"{deliberative,informal}","{make,develop,academic}",stub,{}
4149,method,en,2014-11-26 00:00:00,2021-06-16 08:04:13.035179,,,,{},{},partial_citations,{}
170,method,en,2010-06-04 00:00:00,2020-06-28 00:00:00,,,,"{longterm,collaborative,evaluation}","{develop,make}",complete,{}
635,method,en,2012-07-18 00:00:00,2020-03-15 00:00:00,,,,"{deliberative,collaborative}","{make,develop}",complete,{}
622,method,en,2012-07-06 00:00:00,2021-02-02 00:00:00,,,,"{community,participantled}","{make,develop,make_influence}",partial_content,{}
11949,method,en,2022-10-20 11:24:46.033821,2022-10-20 11:24:46.033821,,,,{},{},,{}
4668,method,en,2016-11-24 00:00:00,2021-02-25 00:00:00,,,,"{deliberative,community}","{develop,make}",complete,{}
146,method,en,2009-08-22 00:00:00,2021-06-16 00:00:00,,,,"{public,planning,longterm}","{make,deliver}",complete,{}
4983,method,en,2017-07-30 00:00:00,2020-06-13 00:00:00,,,,"{evaluation,community,deliberative}","{make,develop,academic}",complete,{}
6452,method,en,2020-03-27 00:00:00,2020-04-10 00:00:00,,,,{deliberative},{},stub,{}
5410,method,en,2018-07-31 00:00:00,2019-11-10 00:00:00,,,,{informal_participation},"{develop,make}",stub,{}
197,method,en,2011-07-31 14:13:34,2019-05-07 09:10:13.802475,,,,{},{},,{}
13345,method,en,2024-07-13 19:33:01.769047,2024-07-13 19:33:01.769047,,,,"{community,longterm,informal_participation}",{},,{}
13324,method,en,2024-08-08 00:40:00.357889,2024-08-08 00:40:00.357889,,,,"{collaborative,research,deliberative}",{},,{}
156,method,en,2024-06-26 21:12:38.040466,2024-06-26 21:14:04.290414,,,,"{deliberative,planning,public}","{make,develop}",stub,{}
4299,method,en,2016-01-31 08:16:27,2024-05-02 14:10:30.011645,,,,{},{},,{}
13235,method,en,2024-09-04 02:13:03.535332,2024-09-04 02:13:03.535332,,,,{informal},{},,{}
1692,method,en,2013-12-30 00:00:00,2024-03-31 13:06:59.747837,,,,"{deliberative,collaborative,community}","{make,develop,make_influence}",complete,{}
13149,method,en,2024-02-20 17:53:26.330648,2024-02-20 17:53:26.330648,,,,"{deliberative,public}",{},,{}
154,method,en,2010-02-23 00:00:00,2024-01-18 14:14:05.858367,,,,{},{},complete,{}
13039,method,en,2024-08-18 05:11:53.978426,2024-08-18 05:11:53.978426,,,,"{direct,deliberative,planning}",{},,{}
5507,method,en,2018-11-13 00:00:00,2024-01-20 10:05:46.659627,,,,"{deliberative,planning}","{make,academic,develop}",complete,{6492}
12966,method,en,2023-12-12 01:06:37.409254,2023-12-12 01:06:37.409254,,,,"{longterm,community,evaluation}",{},,{}
12958,method,en,2023-12-11 03:38:26.193145,2023-12-11 03:38:26.193145,,,,"{evaluation,community,deliberative}",{},,{}
12956,method,en,2023-12-11 03:03:22.372022,2023-12-11 03:03:22.372022,,,,"{evaluation,community,deliberative}",{},,{}
12915,method,en,2023-11-10 21:05:15.408813,2023-11-10 21:05:15.408813,,,,"{deliberative,informal_participation}",{},,{}
12807,method,en,2024-08-01 03:16:02.837569,2024-08-01 03:16:02.837569,,,,{deliberative},{},,{}
12714,method,en,2023-07-30 08:01:18.856353,2023-07-30 08:01:18.856353,,,,"{deliberative,experiential}",{},,{}
12688,method,en,2023-07-19 11:25:49.017552,2023-07-19 11:25:49.017552,,,,"{community,planning,collaborative}",{},,{}
12551,method,en,2023-05-26 12:07:57.266706,2023-05-26 12:07:57.266706,,,,"{collaborative,community,experiential}",{},,{}
12603,method,en,2023-07-04 05:38:42.477678,2023-07-04 05:38:42.477678,,,,"{deliberative,collaborative,planning}",{},,{}
12602,method,en,2023-07-04 05:10:33.449142,2023-07-04 05:10:33.449142,,,,"{deliberative,collaborative,planning}",{},,{}
12480,method,en,2023-05-01 06:19:05.433497,2023-05-01 06:19:05.433497,,,,"{internal,research,deliberative}",{},,{}
12456,method,en,2023-04-19 03:03:45.890854,2023-04-19 03:03:45.890854,,,,"{deliberative,community}",{},,{}
12452,method,en,2023-04-18 06:31:21.535567,2023-04-18 06:31:21.535567,,,,"{deliberative,collaborative,research}",{},,{}
4865,method,en,2017-04-09 00:00:00,2023-04-14 14:05:39.610466,,,,"{deliberative,direct,longterm}",{make},complete,{}
12426,method,en,2023-04-02 18:42:09.72175,2023-04-04 19:21:55.779408,,,,{research},{},,{}
12378,method,en,2023-03-13 14:22:54.208439,2023-03-14 08:47:49.479281,,,,"{community,collaborative,research}",{},,{}
12328,method,en,2024-08-02 01:58:14.675833,2024-08-02 01:58:14.675833,,,,"{community,planning,collaborative}",{},,{}
12303,method,en,2023-02-15 00:00:00,2023-03-08 22:59:54.349863,,,,{},{},,{8164}
8592,method,en,2022-09-29 12:31:49.630418,2022-09-29 13:46:39.904378,,,,{},{},,{}
7763,method,en,2021-11-01 00:00:00,2022-07-29 16:01:37.298648,,,,"{community,deliberative,participantled}",{},complete,{8015}
8367,method,en,2022-07-20 15:52:06.112259,2022-07-20 16:06:15.249645,,,,"{participatory,experiential,planning}",{},,{}
5288,method,en,2018-05-21 00:00:00,2022-07-15 15:11:06.730858,,,,{},{},,{}
4175,method,en,2015-01-01 00:00:00,2022-07-15 15:02:57.742857,,,,{},{},,{}
521,method,en,2012-02-12 00:00:00,2022-07-15 15:10:19.500096,,,,{},{},,{}
180,method,en,2010-12-01 00:00:00,2022-07-15 15:04:43.638527,,,,{},{},,{}
4146,method,en,2014-11-05 00:00:00,2022-07-15 15:05:19.319589,,,,{},{},stub,{}
157,method,en,2010-05-21 00:00:00,2022-07-15 15:03:36.967302,,,,{},{},,{}
627,method,en,2012-07-12 00:00:00,2022-07-15 15:04:10.025079,,,,{},{},,{}
4206,method,en,2015-04-29 00:00:00,2022-07-15 15:01:44.857711,,,,{},{},,{}
182,method,en,2010-12-07 00:00:00,2022-07-15 15:02:18.290143,,,,{},{},,{}
168,method,en,2010-06-04 00:00:00,2022-07-15 15:01:03.986382,,,,{},{},,{}
1587,method,en,2013-12-02 00:00:00,2022-07-15 14:59:40.578418,,,,{},{},,{}
4649,method,en,2016-11-07 00:00:00,2022-07-15 15:00:22.222465,,,,"{collaborative,informal_participation,community}","{deliver,develop,make_influence}",complete,{}
177,method,en,2010-09-29 00:00:00,2022-07-15 14:58:12.2985,,,,{},{},,{}
448,method,en,2011-12-26 00:00:00,2022-07-15 14:59:01.274352,,,,{},{},,{}
4327,method,en,2016-02-28 00:00:00,2022-07-15 14:57:23.877604,,,,{},{},,{}
4632,method,en,2016-10-16 00:00:00,2022-07-15 14:56:51.717648,,,,{},{},,{}
4663,method,en,2016-11-15 00:00:00,2022-07-15 14:55:37.702605,,,,{},{},,{}
187,method,en,2010-12-07 00:00:00,2022-07-15 14:56:13.820102,,,,{},{},,{}
1154,method,en,2013-07-11 00:00:00,2023-11-06 09:55:50.691163,,,,"{deliberative,direct,longterm}",{},,{}
4648,method,en,2016-11-04 00:00:00,2022-07-15 14:54:18.107285,,,,"{collaborative,community,public_meetings}","{make,deliver,develop}",complete,{}
4590,method,en,2016-09-23 00:00:00,2022-07-15 14:52:45.957741,,,,{},{},,{}
5372,method,en,2018-07-02 00:00:00,2022-07-15 14:50:18.150804,,,,{},{},,{}
5366,method,en,2018-06-29 00:00:00,2022-07-15 14:52:06.482578,,,,{},{},,{}
4993,method,en,2017-08-14 00:00:00,2022-07-15 14:49:34.715104,,,,{},{},,{}
4992,method,en,2017-08-14 00:00:00,2022-07-15 14:48:55.984098,,,,{},{},,{}
189,method,en,2010-12-07 00:00:00,2022-07-15 14:47:55.122196,,,,{},{},,{}
4623,method,en,2016-10-10 00:00:00,2022-07-15 14:47:13.347952,,,,{},{},,{}
5459,method,en,2018-10-10 00:00:00,2022-07-15 14:46:21.270386,,,,{},{},,{}
4934,method,en,2017-06-06 00:00:00,2022-07-15 14:41:35.319851,,,,{},{},stub,{}
4286,method,en,2015-12-08 00:00:00,2022-07-15 14:40:53.750049,,,,{},{},stub,{}
650,method,en,2012-09-28 00:00:00,2022-07-15 14:40:00.421014,,,,{},{},partial_content,{}
6762,method,en,2020-07-23 00:00:00,2022-07-15 14:34:44.997336,,,,"{community,collaborative}","{develop,make,make_influence}",stub,{6774}
7563,method,en,2021-05-31 00:00:00,2022-07-15 14:33:17.619937,,,,"{informal,community}",{},,{}
8279,method,en,2022-06-16 19:07:17.435529,2022-06-18 07:01:57.825478,,,,"{collaborative,community,internal}",{},,{}
8256,method,en,2022-06-03 16:55:43.85511,2022-06-03 16:55:43.895727,,,,"{deliberative,experiential,community}",{},,{}
8250,method,en,2022-05-25 00:00:00,2022-07-20 09:49:02.440144,,,,{experiential},{},complete,{6492}
