org_id,type,title,creator_id,creator_name,city,province,country,sector,scope_of_influence_1,scope_of_influence_2,scope_of_influence_3,collections
199,organization,AmericaSpeaks,8,AmericaSpeaks,Washington,District Of Columbia,United States,non_profit_non_gov,national,regional,,
200,organization,Everyday Democracy,4,Arfung,Hartford,Connecticut,United States,non_profit_non_gov,city/town,metropolitan,,"(6580,collection,""Public Participation for Racial Justice"")"
201,organization,European Institute for Public Participation,12,Boutall,,Bremen,Germany,non_profit_non_gov,national,multinational,,
202,organization,Sopinspace,18,Jshkabatur,Paris,,France,For Profit,,,,
203,organization,mySociety,18,Jshkabatur,London,,United Kingdom,non_profit_non_gov,national,no_geo,city/town,
204,organization,Dick's Drive-In Restaurants,46,Jspady,Seattle,Washington,United States,For Profit,,,,
205,organization,Institute on the Common Good,48,Icgregis,Denver,Colorado,United States,University or Research,,,,
206,organization,Transpartisan Alliance,49,"""Joseph F. McCormick""",,,United States,,,,,
207,organization,Izwe Group,52,Simonbracken,London,,United Kingdom,For Profit,,,,
208,organization,Citizenship DRC,54,Gregorydbarrett,Brighton,,United Kingdom,University or Research,,,,
209,organization,Shape Burlington,55,Fred2,Burlington,Ontario,Canada,,,,,
210,organization,Metagovernment,56,"""Ed Pastore""",,,,,,,,
211,organization,ESWEERWE,59,ESWEERWE,München,,Germany,Non-Profit or Non Governmental,,,,
212,organization,National Coalition for Dialogue & Deliberation (NCDD),36,SandyHeierbacher,Harrisburg,Pennsylvania,United States,non_profit_non_gov,national,city/town,,
213,organization,MASS LBP,60,Crazzarc,Toronto,Ontario,Canada,for_profit,metropolitan,organization,city/town,
214,organization,CIDADE Urban Studies and Advisory Center,66,Baierle,Porto Alegre,,Brazil,Non-Profit or Non Governmental,,,,
215,organization,Foundation of the Peoples of the South Pacific International (FSPI),67,Albert.c,Suva,,Fiji,,,,,
216,organization,newDemocracy,134860,"""Lucy J Parry Participedia Team""",Merrylands,New South Wales,Australia,non_profit_non_gov,national,city/town,regional,
217,organization,"Participatory Budgeting Unit, Manchester, UK",53,Carolina,,,United Kingdom,non_profit_non_gov,city/town,national,,
218,organization,Community Pride Unit,53,Carolina,Manchester,,United Kingdom,Non-Profit or Non Governmental,,,,
219,organization,Change Makers,53,Carolina,Manchester,,United Kingdom,Non-Profit or Non Governmental,,,,
220,organization,Involve,53,Carolina,London,,United Kingdom,non_profit_non_gov,national,,,
221,organization,Community Audit & Evaluation Centre,53,Carolina,,,United Kingdom,higher_ed,city/town,organization,,
222,organization,GAP Unit,53,Carolina,,,United Kingdom,,,,,
223,organization,Hansard Society,53,Carolina,London,,United Kingdom,,,,,
224,organization,Governance International,53,Carolina,Birmingham,,United Kingdom,Non-Profit or Non Governmental,,,,
225,organization,Deliberative Democracy Consortium,84,Mattleighninger,Portland,Oregon,United States,higher_ed,,,,
226,organization,Consense,53,Carolina,Ipswich,Suffolk,United Kingdom,For Profit,,,,
227,organization,Community First,53,Carolina,Wiltshire,,United Kingdom,Non-Profit or Non Governmental,,,,
228,organization,International Observatory on Participatory Democracy (IOPD),53,Carolina,Barcelona,,Spain,,city/town,multinational,,
229,organization,European Alternatives,53,Carolina,,,,Non-Profit or Non Governmental,,,,
230,organization,LogoLink,53,Carolina,Brighton,,United Kingdom,University or Research,,,,
231,organization,International Association for Public Participation (IAP2),53,Carolina,,Colorado,United States,,,,,
232,organization,The Co-Intelligence Institute,53,Carolina,Eugene,Oregon,United States,Non-Profit or Non Governmental,,,,
233,organization,Participation Works,53,Carolina,London,,United Kingdom,,,,,
234,organization,Citizenship Foundation,53,Carolina,London,,United Kingdom,,,,,
235,organization,The Consultation Institute,53,Carolina,Bedfordshire,,United Kingdom,For Profit,,,,
236,organization,Urban Forum,53,Carolina,London,,United Kingdom,Non-Profit or Non Governmental,,,,
237,organization,Demos,53,Carolina,London,,United Kingdom,higher_ed,national,multinational,,
238,organization,Participation Cymru,53,Carolina,Cardiff,,United Kingdom,Non-Profit or Non Governmental,,,,
239,organization,Participatory Practitioners for Change,53,Carolina,,,United Kingdom,Non-Profit or Non Governmental,,,,
240,organization,National Co-ordinating Centre for Public Engagement,53,Carolina,Bristol,,United Kingdom,University or Research,,,,
241,organization,"Centre for Civil Society, UK",53,Carolina,London,,United Kingdom,University or Research,,,,
242,organization,"Centre for Civil Society, India",53,Carolina,New Delhi,,India,,,,,
243,organization,"Southampton University Centre for Citizenship, Globalisation and Governance (C2G2)",53,Carolina,Southampton,,United Kingdom,,,,,"(6496,collection,""University of Southampton Students"")"
244,organization,Together Creating Communities,53,Carolina,Wrexham,,United Kingdom,Non-Profit or Non Governmental,,,,
245,organization,Participatory Training,53,Carolina,,,United Kingdom,Non-Profit or Non Governmental,,,,
246,organization,Centre for Lifelong Learning and Community Engagement,53,Carolina,London,,United Kingdom,,,,,
247,organization,Unlock Democracy,53,Carolina,London,,United Kingdom,,,,,
248,organization,Institute for Citizenship,53,Carolina,London,,United Kingdom,,,,,
249,organization,London Citizens,53,Carolina,London,,United Kingdom,,,,,
250,organization,Essential Partners,95,Shiva217,Watertown,Massachusetts,United States,non_profit_non_gov,organization,city/town,,
251,organization,Indiana Conflict Resolution Institute,1559,"""Participedia Support Team""",,,United States,,,,,
252,organization,Healthy Democracy,111,Vicnin,,Oregon,United States,non_profit_non_gov,regional,,,
253,organization,Pew Center for Civic Journalism,127,Cbabcock,Baltimore,Maryland,United States,Non-Profit or Non Governmental,,,,
254,organization,By the People,116,Arjona,,,United States,,,,,
255,organization,American Office of Public Engagement,109,MGarber,Washington,District Of Columbia,United States,Government,,,,
257,organization,UK Youth Parliament,151,Annika88,London,,United Kingdom,Non-Profit or Non Governmental,,,,
258,organization,PASOK Political Party,118,Jkerechek,,,Greece,government,city/town,national,,
261,organization,The Common Enterprise,149,Maryb29,San Antonio,Texas,United States,Non-Profit or Non Governmental,,,,
262,organization,The Freedom House,158,Michaeldrunelson,Washington,District Of Columbia,United States,Non-Profit or Non Governmental,,,,
263,organization,Delib,107,Fjimenez,,,United Kingdom,for_profit,no_geo,,,
264,organization,The Keystone Center,101,Eaglen,Keystone,Colorado,United States,Non-Profit or Non Governmental,,,,
265,organization,Public Agenda,106,Beckyip,New York,New York,,non_profit_non_gov,,,,
266,organization,The Centre for Humanitarian Dialogue,162,Oliverkhobbs,,Geneva,Switzerland,,,,,
267,organization,Annenberg Institute for School Reform,137,Lex07,Providence,Rhode Island,United States,University or Research,,,,
268,organization,Democratic Underground,128,Darinld,,,United States,Non-Profit or Non Governmental,,,,
269,organization,The Annenberg Institute for School Reform,134,Taryne,Providence,Rhode Island,United States,University or Research,,,,
270,organization,In Control,53,Carolina,,,United Kingdom,Non-Profit or Non Governmental,,,,
271,organization,Involving People,53,Carolina,Cardiff,,United Kingdom,University or Research,,,,
272,organization,University of Warwick Local Government Centre,53,Carolina,Warwick,,United Kingdom,University or Research,,,,
273,organization,Infed,53,Carolina,London,,United Kingdom,University or Research,,,,
275,organization,Scottish Community Development Centre,175,Scdc,Scotland,,United Kingdom,non_profit_non_gov,national,city/town,neighbourhood,
276,organization,Tenant Participation Advisory Service Cymru,53,Carolina,Cardiff,,United Kingdom,Non-Profit or Non Governmental,,,,
277,organization,Participation Workers’ Network for Wales,53,Carolina,,,United Kingdom,Non-Profit or Non Governmental,,,,
278,organization,Participation Unit at Save the Children Wales,53,Carolina,Cardiff,,United Kingdom,Non-Profit or Non Governmental,,,,
279,organization,Funky Dragon,53,Carolina,Swansea and Wrexham,,United Kingdom,Non-Profit or Non Governmental,,,,
280,organization,Centre for Public Involvement,179,Madria,Edmonton,Alberta,Canada,higher_ed,regional,metropolitan,,
281,organization,ADELS,183,qmayne,Paris,,France,,,,,
282,organization,Observatoire Parisien de la Démocratie Locale,183,qmayne,Paris,,France,,,,,
283,organization,Committee on Social Inclusion and Participative Democracy,183,qmayne,,Barcelona,Spain,,,,,
284,organization,De Wakkere Burger,185,Dvdp,,,Belgium,,,,,
285,organization,Meer Democratie,188,"""Paul Nollen""",,,Belgium,non_profit_non_gov,national,,,
286,organization,Citizens for Direct Democracy,188,"""Paul Nollen""",,,Belgium,Non-Profit or Non Governmental,,,,
287,organization,Democracy International,188,"""Paul Nollen""",Cologne,North Rhine-Westphalia,Germany,non_profit_non_gov,,,,
288,organization,Initiative and Referendum Institute Europe IRI,188,"""Paul Nollen""",Marburg,,Germany,,,,,
289,organization,Demoex,188,"""Paul Nollen""",Stockholm,,Sweden,Non-Profit or Non Governmental,,,,
290,organization,Omnibus for Direct Democracy,188,"""Paul Nollen""",Berlin,,Germany,,,,,
291,organization,Mehr Demokratie,188,"""Paul Nollen""",,,Germany,non_profit_non_gov,national,,,
292,organization,Citizens’ Initiative and Referendum,188,"""Paul Nollen""",,,United States,,,,,
293,organization,Demoex UK,188,"""Paul Nollen""",,,United States,,,,,
294,organization,Referendum Platform,188,"""Paul Nollen""",Amsterdam,,Netherlands,non_profit_non_gov,national,,,
295,organization,Centre for Research on Direct Democracy (c2d),188,"""Paul Nollen""",Zurich,,Switzerland,,,,,
297,organization,Balkan Assist,188,"""Paul Nollen""",Sofia,,Bulgaria,,,,,
298,organization,Initiative and Referendum Institute – Asia,188,"""Paul Nollen""",,,Taiwan,,,,,
299,organization,Online Direct Democracy (Formerly Senator Online),188,"""Paul Nollen""",,,Australia,Non-Profit or Non Governmental,,,,
300,organization,Eudemocracia,188,"""Paul Nollen""",Buenos Aires,,Argentina,Non-Profit or Non Governmental,,,,
301,organization,Mehr Demokratie (Austria),188,"""Paul Nollen""",,,Austria,non_profit_non_gov,national,,,
302,organization,The Freechild Project,203,Freechild,Olympia,Washington,United States,For Profit,,,,
303,organization,Democràcia Electrònica,188,"""Paul Nollen""",,,Spain,,,,,
304,organization,Telematics Freedom Foundation,188,"""Paul Nollen""",Rome,,Italy,,,,,
305,organization,Partido de Internet,188,"""Paul Nollen""",Madrid,,Spain,,,,,
306,organization,Interactivity Foundation,225,Bitneykb,Parkersburg,West Virginia,United States,non_profit_non_gov,,,,
307,organization,White House Office of Public Engagement,226,"""C lorentz""",Washington,District Of Columbia,United States,government,,,,
308,organization,Dudley Street Neighborhood Initiative,1078,Shailee07,Roxbury,Massachusetts,United States,Non-Profit or Non Governmental,,,,
309,organization,GOV2U,218,Amandabnguyen,Athens,,Greece,,,,,
310,organization,White Citizens' Council (Council of Conservative Citizens),234,Phoebeshuang,Indianola,Mississippi,United States,non_profit_non_gov,regional,,,
311,organization,International Budget Partnership,227,Smeessen,Washington,District Of Columbia,United States,Non-Profit or Non Governmental,,,,
312,organization,Chicago Public Schools: Local School Councils,243,Eschalle,Chicago,Illinois,United States,Government,,,,
313,organization,Kettering Foundation,1074,"""Com 417""",Dayton,Ohio,United States,University or Research,,,,
314,organization,openDemocracy Russia,249,Asnider,London,,United Kingdom,Non-Profit or Non Governmental,,,,
316,organization,Demo-net,256,Kbirgh10,,,United Kingdom,,,,,
317,organization,The Democracy Imperative,258,Nelsomon,Durham,New Hampshire,United States,University or Research,,,,
318,organization,The Center for Deliberative Democracy at Stanford University,259,Acvcom418,Stanford,California,United States,higher_ed,no_geo,national,regional,
319,organization,Centre for Citizens' Participation in the African Union (CCP-AU),248,Kturney7,Nairobi,,Kenya,non_profit_non_gov,multinational,,,
320,organization,Alliance For Education,235,Ablonden,Seattle,Washington,United States,Non-Profit or Non Governmental,,,,
321,organization,Development Network of Indigenous Voluntary Associations (DENIVA),266,Cmadrid,,Kampala,Uganda,,,,,
322,organization,Canadian Community for Dialogue and Deliberation [no longer active],269,Laurenadams,,,Canada,non_profit_non_gov,national,,,
323,organization,TED,274,BAMitUp,New York,New York,United States,Non-Profit or Non Governmental,,,,
324,organization,The Harwood Institute For Public Innovation,1074,"""Com 417""",,,,,,,,
325,organization,International Civil Society Consortium,1074,"""Com 417""",,,,,,,,
326,organization,Sustained Dialogue Institute,1074,"""Com 417""",Washington,District Of Columbia,United States,higher_ed,multinational,,,
328,organization,CIVICUS: World Alliance for Citizen Participation,1075,Thomasobrien99,Johannesburg,,South Africa,non_profit_non_gov,multinational,,,"(8377,collection,""Transnational Social Movements"")"
329,organization,The Institute for Civic Discourse & Democracy,273,Yeung168,Kansas City,,United States,,,,,
330,organization,The League of Women Voters,265,Beedersm,D.C.,,United States,,,,,
331,organization,Bush Radio,286,MDusek,Cape Town,,South Africa,non_profit_non_gov,metropolitan,no_geo,national,
332,organization,Demokratie,188,"""Paul Nollen""",,,Luxembourg,,,,,
333,organization,Aktiv Demokrati,292,"""Aktiv Demokrati""",,,Sweden,Non-Profit or Non Governmental,,,,
334,organization,Participation and Sustainable Development in Europe,188,"""Paul Nollen""",,,United States,,,,,
335,organization,E-Democracy.org,188,"""Paul Nollen""",,Minnesota,United States,,,,,
336,organization,"APSA Task Force on Democracy, Economic Security, and Social Justice",188,"""Paul Nollen""",Washington,District Of Columbia,United States,,,,,
338,organization,The Rose Institute of State and Local Government,188,"""Paul Nollen""",Claremont,California,United States,,,,,
339,organization,Citizens in Charge,188,"""Paul Nollen""",,Virginia,United States,,,,,
340,organization,Ballot Initiative Strategy Center,188,"""Paul Nollen""",Washington,District Of Columbia,United States,,,,,
341,organization,The People Decide,188,"""Paul Nollen""",,,United States,,,,,
342,organization,Internetes DEmokrácia pártja,188,"""Paul Nollen""",,,Hungary,,,,,
343,organization,Förändring 2011,188,"""Paul Nollen""",,,Finland,,,,,
344,organization,Direct Democracy Ireland,188,"""Paul Nollen""",,,Ireland,,,,,
345,organization,European Civic Education Foundation,301,ECEF,,,Hungary,non_profit_non_gov,multinational,national,,
346,organization,Neu&kühn,302,Kuehnberger,Vienna,,Austria,Government,,,,
348,organization,Agir pour la Démocratie Directe,188,"""Paul Nollen""",,,France,,,,,
350,organization,Citizens,188,"""Paul Nollen""",,,Iceland,,,,,
351,organization,Artworks Creative Communities TEST,316,ArtworksCreativeCommunities,,,United Kingdom,non_profit_non_gov,city/town,organization,,
352,organization,European Citizen Action Service (ECAS),188,"""Paul Nollen""",Brussels,,Belgium,,,,,
353,organization,International Institute for Democracy and Electoral Assistance,188,"""Paul Nollen""",Stockholm,,Sweden,,,,,
354,organization,Pan-European e-Participation Network (PEP-NET),188,"""Paul Nollen""",,,,,,,,
355,organization,Mississippi River Commission,328,TSGambrell,Vicksburg,Mississippi,United States,Government,,,,
356,organization,Institut de la Concertation et de la Participation Citoyenne (ICPC),341,"""Pierre-Yves Guiheneuf""",Paris,,France,non_profit_non_gov,,,,
357,organization,Dimopolis,188,"""Paul Nollen""",,,Greece,,,,,
358,organization,Newid,188,"""Paul Nollen""",,,United Kingdom,,,,,
359,organization,Democratise,360,Jonathan,,,United Kingdom,Non-Profit or Non Governmental,,,,
360,organization,Svojpolitik.si,188,"""Paul Nollen""",,,Slovenia,,,,,
361,organization,Comedie,341,"""Pierre-Yves Guiheneuf""",Lyon,,France,non_profit_non_gov,,,,
362,organization,Online Party of Canada,188,"""Paul Nollen""",,,,,,,,
363,organization,E2D International,188,"""Paul Nollen""",,,,Non-Profit or Non Governmental,,,,
364,organization,Community Action Workshop (TAC) Cordillera,378,"""Ana Rojas""",Valparaíso,,Chile,non_profit_non_gov,metropolitan,,,
365,organization,"GIS Participation du Public, Décision, Démocratie Participative",1,part_admin,La Plaine Saint-Denis,,France,University or Research,,,,
366,organization,Decide Together,766,"""Decider ensemble""",Paris,,France,Non-Profit or Non Governmental,,,,
367,organization,Mesa de la Ría Platform,786,Josecotro,,Huelva,Spain,,,,,
369,organization,International Organization of Citizens for the Sustainable Management of Societies,626,"""Denis Pageau""",Québec,,Canada,Non-Profit or Non Governmental,,,,
371,organization,Stichting Lodewijk de Raet,917,"""Yves Larock""",Ghent,,Belgium,non_profit_non_gov,regional,,,
373,organization,Debategraph.org,968,Paulcodd,,,United Kingdom,,,,,
374,organization,BetterMeans.org,968,Paulcodd,Oakland,California,United States,Non-Profit or Non Governmental,,,,
421,organization,New York Faith & Justice,25,"""Patrick L Scully Participedia Team""",New York City,,United States,Non-Profit or Non Governmental,,,,
427,organization,IAP2 USA,11,Tbonnema,,,,,,,,
429,organization,Conetica,779,Conetica,Bari,,Italy,,,,,
436,organization,Colbert Super PAC,1081,victor.m.negrete,,,,,,,,
442,organization,Democratici Diretti,832,Matteo,,,Italy,non_profit_non_gov,national,,,
447,organization,Wikivote,1052,yarmakhov,Moscow,,Russia,For Profit,,,,
453,organization,"Course of Society, Development and Citizenship Studies - Tecnológico de Monterrey",1037,marcelo.bravo,Monterrey,Nuevo Leon,Mexico,,,,,
455,organization,Proposals by Mexico - Proméxico,1037,marcelo.bravo,Monterrey,Nuevo Leon,Mexico,,,,,
458,organization,Community-Campus Partnerships for Health,1099,"""Sarena Seifer""",,,,,,,,
472,organization,Royal Institution of Australia (RiAus),189,Cobi,Adelaide,,Australia,,,,,
476,organization,Auckland Council,1122,anjiko,Auckland,,New Zealand,Government,,,,
479,organization,PlaceSpeak,1126,"""Yuri Artibise""",Vancouver,British Columbia,Canada,,,,,
488,organization,Colorado State University Center for Public Deliberation,1018,mcarcasson,Fort Collins,Colorado,United States,higher_ed,organization,city/town,,
490,organization,Center for Engaged Democracy,1143,merrimackdemocracy,,,,,,,,
493,organization,Australian Study Circles Network,1104,"""Australian Study Circles Network""",,,Australia,,,,,
516,organization,Institute for 21st Century Agoras,1193,AGORAS,,,,,,,,
517,organization,Occupy Vancouver,1189,"""Jesi Carson Participedia Team""",Vancouver,,Canada,non_profit_non_gov,city/town,,,
522,organization,Occupy Seattle,1217,komennelson,Seattle,Washington,United States,non_profit_non_gov,city/town,,,
523,organization,Good Government Coalition of New Jersey,1200,"""Alli Welton""",,,,,,,,
527,organization,Citizens in Charge,1223,bobhosn7,,,,,,,,
532,organization,The Digital Activism Research Project,1233,seamuslabrum,,,,,,,,
535,organization,Direct Democracy Not Parliamentary Rule,1232,Emilyjkim,Fitzroy,Victoria,Australia,,,,,
536,organization,Anonymous,1236,rmcvicar,,,,,,,,
537,organization,Shoreline Master Program Update (Kitsap County),1196,zhalls,Port Orchard,,United States,,,,,
539,organization,Center for Communication and Civic Engagement,1237,ksimp249,Seattle,Washington,United States,University or Research,,,,
544,organization,Backbone Campaign,1240,dsalonen2,Vashon,Washington,United States,Non-Profit or Non Governmental,,,,
555,organization,Citizen's Voice: Analysis of the prospects of deliberative democracy in Finnish health care,1257,"""Harri Raisio""",Vaasa,,Finland,,,,,
561,organization,New York Department of Environmental Conservation,1200,"""Alli Welton""",,,,,,,,
562,organization,City of Philadelphia,1200,"""Alli Welton""",,,,,,,,
563,organization,Washington County Long Range Planning Division,1200,"""Alli Welton""",,,,,,,,
564,organization,Washington County - Citizen Participation Organization,1200,"""Alli Welton""",,,,,,,,
567,organization,Hawaii Department of Transportation,1200,"""Alli Welton""",,,,,,,,
569,organization,Region of Tuscany,1200,"""Alli Welton""",Tuscany,,Italy,government,regional,,,"(7125,collection,""Tuscany's Institutionalization of Public Participation and Deliberation"")"
574,organization,Municipality of Utrecht,1200,"""Alli Welton""",,,,,,,,
575,organization,City of Pittsburgh,1200,"""Alli Welton""",,,,,,,,
576,organization,Shaping America's Youth (SAY),1200,"""Alli Welton""",Portland,Oregon,United States,non_profit_non_gov,national,,,
578,organization,Poitou-Charentes' Regional Council,1200,"""Alli Welton""",,,,,,,,
581,organization,U.S. Environmental Protection Agency (EPA),1200,"""Alli Welton""",,,,,,,,
582,organization,"Kentucky Center for Public Issues (Kentucky, USA)",1200,"""Alli Welton""",,,,,,,,
583,organization,New York State Department of Environmental Conservation,1200,"""Alli Welton""",,,,,,,,
584,organization,U.S. Department of Energy,1200,"""Alli Welton""",,,,,,,,
585,organization,Center for Nanotechnology in Society at Arizona State University (CNS-ASU),1200,"""Alli Welton""",,,,,,,,
594,organization,Penn Project for Civic Engagement,1202,sietsekierengoffard,Philadelphia,Pennsylvania,United States,non_profit_non_gov,city/town,regional,,
599,organization,Community Places,1521,CommunityPlaces,Belfast,,United Kingdom,,,,,
602,organization,Viewpoint Learning,1361,richards1000,San Diego,,United States,for_profit,organization,city/town,national,
603,organization,Black Rock City LLC,1202,sietsekierengoffard,,,,,,,,
605,organization,GovTogetherBC,1189,"""Jesi Carson Participedia Team""",,British Columbia,Canada,,,,,
608,organization,The Freerz Community,1563,"""Freerz Community""",,,,Non-Profit or Non Governmental,,,,
620,organization,Urban Planning Aid,1201,epan,,,,,,,,
621,organization,Greater Boston Committee,1201,epan,,,,,,,,
624,organization,Collective Agency,1604,alexlinsker,Portland,Oregon,United States,,,,,
632,organization,Canadian Policy Research Networks (CPRN),1361,richards1000,Ottawa,Ontario,Canada,non_profit_non_gov,national,,,
637,organization,Ascentum,1361,richards1000,,,,,,,,
638,organization,New Hampshire Listens,1614,mehs,Durham,New Hampshire,United States,University or Research,,,,
640,organization,Association for Societal Participation,1628,zsofia.antal,,,,,,,,
641,organization,Seoul National University,1200,"""Alli Welton""",,,,,,,,
646,organization,Sadhana,1200,"""Alli Welton""",,,,,,,,
648,organization,Zebralog - Experts in eParticipation,1283,"""Michelle Ruesch""",,,Germany,for_profit,national,city/town,multinational,
651,organization,Linnalabor / Estonian Urban Lab,1724,"""Regina """,Tallinn,,Estonia,,,,,
654,organization,Open North,1749,opennorth,Outremont,Quebec,Canada,Non-Profit or Non Governmental,,,,
656,organization,Pirate Parties,1754,ashleydavis,,,,,,,,
678,organization,The de Borda Institute,1811,"""Peter Emerson""",Belfast,,,non_profit_non_gov,,,,
691,organization,"Citizens For Democracy, Pakistan",1846,bldawson,,,,non_profit_non_gov,,,,
694,organization,DemocracyLab,1762,ck14,,,,,,,,
698,organization,Americans Elect,1764,coltonschweitzer,Washington,District Of Columbia,United States,Non-Profit or Non Governmental,,,,
699,organization,Hampton Roads For Civic Engagement,1852,"""Shamshir Kaur""",Norfolk,Virginia,,non_profit_non_gov,,,,
700,organization,David Mathews Center for Civic Life,1709,willic5,Montevallo,Alabama,United States,Non-Profit or Non Governmental,,,,
703,organization,California Citizen's Redistricting Commission,1741,Mattww,Sacramento,California,United States,Non-Profit or Non Governmental,,,,
704,organization,Pirate Parties Across the World,1754,ashleydavis,,,United States,,,,,
706,organization,The Greenlining Institute,1745,fangyin76,,,,,,,,
708,organization,The Center for Voter Deliberation of Northern Virginia,1844,"""Kelly Clarke""",,,United States,,,,,
709,organization,The World Wide Views Alliance,1854,Batista-Manio,,,,non_profit_non_gov,multinational,,,
711,organization,The American Democracy Project,1857,catherine.chestnut,,,,,,,,
712,organization,The Center for Ethical Leadership,1845,katieandjihee,Seattle,Washington,United States,non_profit_non_gov,national,regional,,
713,organization,Davenport Institute for Public Engagement and Civic Leadership - Pepperdine University,1769,tovarm,Malibu,California,United States,Non-Profit or Non Governmental,,,,
717,organization,Tasmania Together,1856,smithlm12,Hobart,Tasmania,Australia,Government,,,,
719,organization,Oregon's Kitchen Table,1759,Samb4,Portland,Oregon,United States,,,,,
740,organization,"Cité des Sciences et de l'Industrie, Paris, France",1953,dbp5060,Paris,Île-de-France,France,government,city/town,,,
756,organization,Bertelsmann Stiftung,1919,fww5007,Gütersloh,,Germany,non_profit_non_gov,multinational,national,,
757,organization,Heinz Nixdorf Stiftung,1919,fww5007,Munich,,Germany,non_profit_non_gov,national,,,
764,organization,Partido da Terra (Party of the Earth / Party of the Land),2021,jevans,,,Spain,Non-Profit or Non Governmental,,,,
776,organization,who thinks what GmbH,2131,werdenktwas,Darmstadt,,Germany,For Profit,,,,
778,organization,+D = Democracia em Movimento (Portugal),2185,ruipmartins,,,Portugal,Non-Profit or Non Governmental,,,,
779,organization,Intellitics,11,Tbonnema,San José,California,United States,,,,,
780,organization,Jefferson Action,2108,nsmith2,,Minnesota,United States,non_profit_non_gov,city/town,,,
782,organization,Age Sector Platform,2161,"""Kevin Um""",,,,,,,,
783,organization,Chicago Police Department,2161,"""Kevin Um""",,,,,,,,
784,organization,Association Italia 150,2161,"""Kevin Um""",,,,,,,,
786,organization,Municipality of Florence,2161,"""Kevin Um""",,,,,,,,
788,organization,Civic Alliance to Rebuild Downtown New York,2161,"""Kevin Um""",New York,New York,United States,non_profit_non_gov,city/town,,,
798,organization,Regional District of Okanagan-Similkameen,2254,brydon,,,,,,,,
800,organization,European Alternatives,2227,"""European Alternatives""",,,,,,,,
813,organization,Insights: Powering Collective Thinking,2289,galalon,,,,,,,,
945,organization,Song of a Citizen,2507,JeffreyAbelson,Los Angeles,California,United States,Non-Profit or Non Governmental,,,,
1012,organization,City of Solingen,2161,"""Kevin Um""",Solingen,North Rhine-Westphalia,Germany,government,city/town,,,
1018,organization,Government of Brazil,2161,"""Kevin Um""",Brasília,Distrito Federal,Brazil,government,national,,,
1046,organization,Regards Citoyens,2463,"""Alina Ostling""",,,France,,,,,
1047,organization,Center for Substance Abuse Prevention (CSAP),2161,"""Kevin Um""",,,,,,,,
1048,organization,US Department of Health and Human Services,2161,"""Kevin Um""",,,United States,government,national,,,
1049,organization,City of Hampton,2161,"""Kevin Um""",,,,,,,,
1050,organization,US Department of Health and Human Services Alternatives Inc.,2161,"""Kevin Um""",,,,,,,,
1053,organization,"German Federal Ministry of the Environment, Nature Conservation and Nuclear Safety",2161,"""Kevin Um""",,,Germany,government,national,,,
1054,organization,Senate Department for Urban Development Berlin,2161,"""Kevin Um""",,,,,,,,
1070,organization,PB Partners,2529,"""Jez Hall""",Manchester,England,United Kingdom,non_profit_non_gov,national,,,
1074,organization,City of Dresden,2161,"""Kevin Um""",Dresden,Saxony,Germany,government,city/town,,,
1076,organization,United Nations,2161,"""Kevin Um""",New York,New York,United States,non_profit_non_gov,multinational,,,
1078,organization,University of the Andes,2161,"""Kevin Um""",,,,,,,,
1080,organization,German Federal Ministry for Economic Cooperation and Development (BMZ),2161,"""Kevin Um""",Bonn,Nordrhein-Westfalen,Germany,government,,,,
1081,organization,"President's Office, Regional Administration and Local Government Tanzania (PO-RALG)",2161,"""Kevin Um""",Dodoma,,Tanzania,government,national,,,
1082,organization,Deutsche Gesellschaft für Internationale Zusammenarbeit (GIZ) GmbH,2161,"""Kevin Um""",Bonn,Nordrhein-Westfalen,Germany,non_profit_non_gov,multinational,,,
1084,organization,Ethiopian Ministry of Urban Development and Housing (MUDHo),2161,"""Kevin Um""",Addis Ababa,,Ethiopia,,,,,
1086,organization,Egyptian Ministry of Economic Development (MoED),2161,"""Kevin Um""",,,,,,,,
1088,organization,City of Burnsville,2161,"""Kevin Um""",,,,,,,,
1090,organization,City of Portland,2161,"""Kevin Um""",,,,,,,,
1095,organization,Dutch Ministry of the Interior and Kingdom Relations,2161,"""Kevin Um""",,,,,,,,
1106,organization,European Commission,2161,"""Kevin Um""",Bruxelles,Bruxelles,Belgium,government,multinational,,,
1108,organization,"Australian Department of Education, Employment and Workplace Relations",2161,"""Kevin Um""",,,,,,,,
1111,organization,Institute for Social Medicine and Epidemiology at the University of Lubeck,2161,"""Kevin Um""",Lübeck,Schleswig-Holstein,Germany,higher_ed,national,,,
1113,organization,Boston's Metropolitan Area Planning Council,2161,"""Kevin Um""",,,,,,,,
1114,organization,Asian Community Development Corporation,2161,"""Kevin Um""",,,,,,,,
1126,organization,Dialogue Learning Center,2161,"""Kevin Um""",,,,,,,,
1127,organization,Participant,2161,"""Kevin Um""",,,,,,,,
1129,organization,Ohio Latino Affairs Commission,2161,"""Kevin Um""",,,,,,,,
1131,organization,"Central Information Commission, Government of India",2161,"""Kevin Um""",,,,,,,,
1133,organization,City of Rosario (Argentina),2161,"""Kevin Um""",Rosario,Santa Fe Province,Argentina,government,city/town,,,
1135,organization,Jeffrey Abelson,2161,"""Kevin Um""",,,,,,,,
1142,organization,City of Moscow (Idaho),2161,"""Kevin Um""",,,,,,,,
1144,organization,Queensland State Government,2161,"""Kevin Um""",,,,,,,,
1145,organization,City of Toronto,1935,quentincru,Toronto,,Canada,government,city/town,,,
1146,organization,Vorarlberg State Government,2161,"""Kevin Um""",,Vorarlberg,Austria,government,regional,,,
1149,organization,Ministry of Abuja,2161,"""Kevin Um""",,,,,,,,
1151,organization,Office of the President of Mongolia,2161,"""Kevin Um""",Ulaanbaatar,Ulaanbaatar,,government,national,,,
1157,organization,The Open Ministry (Avoin ministeriö),2794,GJM,Helsinki,,Finland,,,,,
1160,organization,Colorado's Future Institute on the Common Good at Regis University,2161,"""Kevin Um""",,,,,,,,
1162,organization,eThekwini Municipality,2161,"""Kevin Um""",,,,,,,,
1164,organization,Kentucky Water Resources Research Institute,2161,"""Kevin Um""",,,,,,,,
1171,organization,Latvian Ministry of Environmental Protection and Regional Development,2161,"""Kevin Um""",Rīga,,Latvia,government,national,,,
1173,organization,Terra-1530,2161,"""Kevin Um""",,,,,,,,
1180,organization,Citizens For Europe,2161,"""Kevin Um""",,,,,,,,
1182,organization,Open Society Institute - Sofia,2161,"""Kevin Um""",Sofia,Sofia City Province,Bulgaria,non_profit_non_gov,national,,,
1234,organization,"Anti-Corruption and Civil Rights Commission, Republic of Korea",2161,"""Kevin Um""",,,,,,,,
1235,organization,"Ministry of Public Administration and Security, Republic of Korea",2161,"""Kevin Um""",,,,,,,,
1237,organization,Global Voices,2161,"""Kevin Um""",,,,non_profit_non_gov,multinational,national,,
1239,organization,eTrikala,2161,"""Kevin Um""",,,,,,,,
1241,organization,Community Capacity Builders,7563,shaziv,Mawson Lakes,South Australia,Australia,,,,,
1248,organization,Ministry of Health (Brazil),2161,"""Kevin Um""",Brasília,Distrito Federal,Brazil,government,national,,,
1249,organization,Government of Ontario,2161,"""Kevin Um""",,Ontario,Canada,government,regional,,,
1252,organization,OpenPolis,2161,"""Kevin Um""",,,,,,,,
1254,organization,Institut du Nouveau Monde - INM,7623,sophiegelinas,Montréal,Québec,Canada,non_profit_non_gov,regional,,,
1260,organization,SFU Morris J. Wosk Centre for Dialogue,2161,"""Kevin Um""",Vancouver,,Canada,higher_ed,national,city/town,regional,
1262,organization,Consorzio CTTS,2161,"""Kevin Um""",,,,,,,,
1264,organization,City of La Plata,2161,"""Kevin Um""",La Plata,Buenos Aires Province,Argentina,government,city/town,,,
1266,organization,Consorcio Fernando de los Ríos,2161,"""Kevin Um""",Granada,Andalusia,Spain,,regional,,,
1267,organization,"Regional Ministry of Innovation, Science and Enterprise of Andalusia",2161,"""Kevin Um""",,,,,,,,
1269,organization,State Chancellery of the Republic of Estonia,2161,"""Kevin Um""",,,,,,,,
1271,organization,"Society for Participatory Research in Asia (PRIA), New Delhi, India",2161,"""Kevin Um""",,,,,,,,
1352,organization,Kuna ACT Board of Directors,2161,"""Kevin Um""",,,,,,,,
1355,organization,Regional Council of Veneto,2161,"""Kevin Um""",,,,,,,,
1362,organization,"Science in Society programme, European Commission",8020,galiaph,,,,,,,,
1485,organization,University of Westminster Centre for the Study of Democracy,33,Gsmith,London,,United Kingdom,University or Research,,,,
1585,organization,The Bureau d’audiences publiques sur l’environnement – (The Office of Environmental Public Hearings),1109,Bhererla,Québec City,Quebec,Canada,Government,,,,
1586,organization,The Office de consultation publique de Montréal,1109,Bhererla,Montréal,Quebec,Canada,Government,,,,
1597,organization,Partido de la Red (Net Party),8580,"""Tomas Insua""",Buenos Aires,,Argentina,Non-Profit or Non Governmental,,,,
1609,organization,The Young Foundation,8604,SophieHB,London,,United Kingdom,,,,,
1618,organization,Young Advisors Charity,8630,GaryBuxton,Manchester,,United Kingdom,,,,,
1710,organization,Conservation of Flora and Fauna (COFF),8851,fahimk,Islamabad,,Pakistan,,,,,
1855,organization,ÖGUT - Austrian Society for Environment and Technology,9226,mhandler,Wien,,Austria,non_profit_non_gov,national,,,
2017,organization,Airesis - Tecnologie Democratiche,9814,tecnologiedemocratiche,Chiusi,Siena,Italy,,,,,
2384,organization,Scottish Health Council,11984,McCreaRichard,Glasgow,,United Kingdom,,,,,
2617,organization,Participatory Politics Foundation TEST,12909,maryamgunja,New York,New York,United States,non_profit_non_gov,national,regional,,
4138,organization,PositionDial,65683,Mariam,,,United Kingdom,,,,,
4148,organization,The Sociocracy Consulting Group,69258,jschinnerer,,,United States,for_profit,,,,
4151,organization,Sociocracy.info,69263,"""Sharon Villines""",,,United States,non_profit_non_gov,no_geo,,,
4152,organization,My City Market,69265,"""Luis Mendoza""",,,United States,,,,,
4153,organization,Democracy In Practice,69307,"""Jeff Kennedy""",Cochabamba,,Bolivia,non_profit_non_gov,,,,
4173,organization,MoveOn,69498,"""Philipp B""",,,United States,Non-Profit or Non Governmental,,,,
4194,organization,EcoMap India,75504,arpitabhagat,,,India,Non-Profit or Non Governmental,,,,
4219,organization,Urban Interactive Studio,78241,ecrespin,Denver,Colorado,United States,For Profit,,,,
4235,organization,Associative Action (l'action associative),25,"""Patrick L Scully Participedia Team""",,,Tunisia,Non-Profit or Non Governmental,,,,
4238,organization,Sopot Development Initiative (SIR- Sopocka Inicjatywa Rozwojowa),78422,s0188452,Sopot,,Poland,,,,,
4281,organization,Sustainable Jersey,101024,SustainableJersey,Ewing,New Jersey,United States,,,,,
4282,organization,New forms of participation in Finland - research project,101557,"""Elias Laitinen""",,,Finland,,,,,
4290,organization,Procedere,111417,"""Raban Fuhrmann""",,,Germany,,,,,
4294,organization,CitizenLab,117485,wietsvr,Brussels,,Belgium,For Profit,,,,
4306,organization,Communica Public Affairs,110904,"""Scott Fletcher Bowlsby""",,,Canada,,,,,
4308,organization,YouthDebates.Org,110904,"""Scott Fletcher Bowlsby""",,,United Kingdom,Non-Profit or Non Governmental,,,,
4310,organization,United National Indian Youth (UNITY),110904,"""Scott Fletcher Bowlsby""",,,United States,Non-Profit or Non Governmental,,,,
4312,organization,United Nations Development Programme (UNDP),110904,"""Scott Fletcher Bowlsby""",New York,New York,United States,non_profit_non_gov,multinational,national,,"(6492,collection,""Participedia Team"")"
4315,organization,Democracia en Red,110904,"""Scott Fletcher Bowlsby""",Buenos Aires,,Argentina,Non-Profit or Non Governmental,,,,
4316,organization,Vouliwatch TEST,110904,"""Scott Fletcher Bowlsby""",,,Greece,non_profit_non_gov,national,,,
4320,organization,SimSim-Participation Citoyenne,110904,"""Scott Fletcher Bowlsby""",,,Morocco,Non-Profit or Non Governmental,,,,
4323,organization,Grassroots Jerusalem,188,"""Paul Nollen""",East Jerusalem,,Palestinian Territory,non_profit_non_gov,,,,
4325,organization,RESOLVE,110904,"""Scott Fletcher Bowlsby""",Washington,District Of Columbia,United States,Non-Profit or Non Governmental,,,,
4329,organization,The World Bank,110904,"""Scott Fletcher Bowlsby""",Washington,District Of Columbia,United States,,multinational,,,
4330,organization,Particitiz - Participation and Citizenship,135468,Particitiz,Brussels,,Belgium,government,city/town,regional,national,
4347,organization,Laboratorio Urbano Aperto (LUA) - Open Urban Laboratory,110904,"""Scott Fletcher Bowlsby""",San Cassiano,Lecce,Italy,Non-Profit or Non Governmental,,,,
4348,organization,Collaborative Design Studio / Taller de Diseño Colaborativo,146190,OmayraRivera,San Juan,,United States,,,,,
4356,organization,Black Sash,147792,"""Zikhona Sikota""",,,South Africa,non_profit_non_gov,national,,,
4358,organization,OpenUp (formerly Code for South Africa),147792,"""Zikhona Sikota""",,,South Africa,non_profit_non_gov,national,,,
4359,organization,Making All Voices Count (MAVC),147792,"""Zikhona Sikota""",Nairobi,,Kenya,non_profit_non_gov,multinational,,,
4360,organization,Social Justice Coalition (SJC),147792,"""Zikhona Sikota""",,,South Africa,,,,,
4371,organization,Sociolab TEST,1921,EthanMCarlsson,Florence,Tuscany,Italy,higher_ed,national,,,
4373,organization,OpenMedia,121822,Isadora,Vancouver,British Columbia,Canada,Non-Profit or Non Governmental,,,,
4377,organization,The Participatory Budgeting Project,110904,"""Scott Fletcher Bowlsby""",Brooklyn,New York,United States,non_profit_non_gov,city/town,,,
4382,organization,Design For Change,121952,BriannaCarrier,Ahmedabad,Gujarat,India,non_profit_non_gov,multinational,national,,
4388,organization,Jacques Delors Institute (Notre Europe),110904,"""Scott Fletcher Bowlsby""",Paris,,France,higher_ed,multinational,,,
4405,organization,"Landless Rural Workers Movement (MST), Brazil",153320,PRODEP,,,Brazil,Non-Profit or Non Governmental,,,,
4406,organization,Via Campesina,153320,PRODEP,Harare,,Zimbabwe,,,,,
4407,organization,DEMOS E-Partizipation GmbH,110904,"""Scott Fletcher Bowlsby""",Berlin,,Germany,for_profit,city/town,national,,
4411,organization,Roots of Change,110904,"""Scott Fletcher Bowlsby""",Oakland,California,United States,non_profit_non_gov,regional,city/town,,
4416,organization,Without My Consent,121822,Isadora,,,,,,,,
4420,organization,Ministério Público Federal do Brasil,153320,PRODEP,Brasilia,,Brazil,,,,,
4427,organization,Free Software Foundation,110904,"""Scott Fletcher Bowlsby""",Boston,Massachusetts,United States,For Profit,,,,
4428,organization,The Guelph Neigbourhood Support Coalition,110904,"""Scott Fletcher Bowlsby""",Guelph,Ontario,Canada,Non-Profit or Non Governmental,,,,
4439,organization,UNICEF,110904,"""Scott Fletcher Bowlsby""",New York,New York,United States,non_profit_non_gov,multinational,,,
4452,organization,YouGov,110904,"""Scott Fletcher Bowlsby""",London,,United Kingdom,for_profit,multinational,no_geo,national,
4453,organization,Straight Talk,134860,"""Lucy J Parry Participedia Team""",Sydney,New South Wales,Australia,,,,,
4454,organization,Simply Speaking Seanachai,134860,"""Lucy J Parry Participedia Team""",,South Australia,Australia,Non-Profit or Non Governmental,,,,
4455,organization,MosaicLab,134860,"""Lucy J Parry Participedia Team""",,Victoria,,,,,,
4456,organization,21st Century Dialogue,134860,"""Lucy J Parry Participedia Team""",,Western Australia,Australia,For Profit,,,,
4462,organization,Annie Bolitho & Associates,134860,"""Lucy J Parry Participedia Team""",Melbourne,,Australia,For Profit,,,,
4468,organization,CUTS International (Consumer Unity & Trust Society),110904,"""Scott Fletcher Bowlsby""",Jaipur,,India,Non-Profit or Non Governmental,,,,
4480,organization,The Second Floor Cafe,169032,sarahmun,Karachi,,Pakistan,,,,,
4487,organization,Pakistan Institute for Legislative Development and Transparency,169032,sarahmun,,,Pakistan,University or Research,,,,
4497,organization,OurSay,134860,"""Lucy J Parry Participedia Team""",Melbourne,Victoria,Australia,,,,,
4516,organization,Women's Action Forum (WAF),169032,sarahmun,,,Pakistan,,,,,
4518,organization,Tanqeed,169032,sarahmun,,,,,,,,
4519,organization,Awami Workers Party,169032,sarahmun,Lahore,Punjab,,,,,,
4520,organization,Strengthening Participatory Organizations (SPO),169032,sarahmun,,,,,,,,
4521,organization,Chit Chat,110904,"""Scott Fletcher Bowlsby""",,,,,,,,
4522,organization,Out of the Box Consulting,110904,"""Scott Fletcher Bowlsby""",Melbourne,Victoria,,,,,,
4523,organization,Firelight Consulting,110904,"""Scott Fletcher Bowlsby""",,,,,,,,
4536,organization,democracyCo,134860,"""Lucy J Parry Participedia Team""",Adelaide,South Australia,,,,,,
4540,organization,All-Pakistani Alliance for Katchi Abadis,169032,sarahmun,,,,,,,,
4541,organization,Still Moon Arts Society,110904,"""Scott Fletcher Bowlsby""",Vancouver,British Columbia,,non_profit_non_gov,city/town,metropolitan,neighbourhood,
4544,organization,Evergreen Foundation TEST,199,Thamypog,,,Canada,non_profit_non_gov,national,metropolitan,,
4555,organization,Bang the Table,134860,"""Lucy J Parry Participedia Team""",Fitzroy,Victoria,Australia,,,,,
4560,organization,partizipendium.de - The citizen participation blog,177728,"""partizipendium - der Bürgerbeteiligungs-Blog""",,,Germany,non_profit_non_gov,national,,,
4576,organization,Tenant Association of Punjab,110904,"""Scott Fletcher Bowlsby""",,Punjab,,,,,,
4592,organization,YourSAy,110904,"""Scott Fletcher Bowlsby""",,South Australia,,,regional,,,
4597,organization,Secwepemc Women's Warrior Society,186719,nseef,,British Columbia,Canada,non_profit_non_gov,regional,,,
4598,organization,Ancestral Pride,186719,nseef,Ahousaht First Nation,British Columbia,,,,,,
4650,organization,"Justice, Development and Peace Commission Ijebu-Ode (Nigeria)",110904,"""Scott Fletcher Bowlsby""",Ijebu Ode,Ogun State,Nigeria,non_profit_non_gov,regional,national,,
4653,organization,Center for Wise Democracy,198131,mgoetsch,,,,,,,,
4654,organization,Association for Women in Development (AWID),110904,"""Scott Fletcher Bowlsby""",Toronto,,,,,,,
4680,organization,Medialab Prado,199797,gwarzocha,Madrid,,,,city/town,,,
4684,organization,Platform for People Affected by Mortgages (PAH),201646,"""Ciro Oiticica""",Barcelona,,Spain,,,,,
4685,organization,Institute for Advanced Study in the Humanities (Kulturwissenschaftliche Institut KWI),110904,"""Scott Fletcher Bowlsby""",Essen,,Germany,University or Research,,,,
4690,organization,Viamo,110904,"""Scott Fletcher Bowlsby""",,,Ghana,,,,,
4692,organization,Hoover Institution,193612,hannokp,Stanford,California,United States,higher_ed,national,multinational,,
4693,organization,92nd Street Y,193612,hannokp,New York,New York,United States,Non-Profit or Non Governmental,,,,
4694,organization,Citizen University,193612,hannokp,Seattle,Washington,United States,Non-Profit or Non Governmental,,,,
4701,organization,Municipality of Collegno,1168,alexmengozzi,Collegno,,Italy,,,,,
4714,organization,"Center For Comparative Urban Governance, Fudan University (China)",110904,"""Scott Fletcher Bowlsby""",Shanghai,,China,,national,city/town,,
4768,organization,Avventura Urbana,1168,alexmengozzi,Torino,,Italy,for_profit,city/town,organization,,
4769,organization,Milan City Council,1168,alexmengozzi,Milan,,Italy,government,city/town,,,
4770,organization,Institute for Social Research (Italy),1168,alexmengozzi,Milan,,Italy,,,,,
4775,organization,District Authority of the Po River Basin,1168,alexmengozzi,,,Italy,Government,,,,
4778,organization,Etifor,1168,alexmengozzi,Legnaro (Padova),,Italy,,,,,
4786,organization,OccupyGhana,187044,mayaramchandani,Accra,,Ghana,non_profit_non_gov,national,,,
4789,organization,Udine University Department of Human Sciences,1168,alexmengozzi,Udine,,Italy,,,,,
4790,organization,Neighborhoods Organizing for Change (NOC),121822,Isadora,Minneapolis,Minnesota,United States,Non-Profit or Non Governmental,,,,
4792,organization,Eurac Research,1168,alexmengozzi,Bolzano,,Italy,,,,,
4800,organization,Actions Solidaires de Soutien aux Organisations et d’Appui aux Libertés (Solidarity Actions of Support to Organisations Promoting Freedom – ASSOAL),224821,"""Harry Rawson""",,,Cameroon,,,,,
4802,organization,Provincial Council of Bolzano,1168,alexmengozzi,,,Italy,,,,,
4808,organization,The Government of the United Kingdom,225876,"""Ben Hills""",London,,United Kingdom,government,national,multinational,,
4821,organization,Municipality of Soliera,1168,alexmengozzi,Soliera,,Italy,,,,,
4822,organization,Noema,1168,alexmengozzi,Bologna,,Italy,,,,,
4833,organization,Environmental Management Agency SrL (EMA),1168,alexmengozzi,Buti (Pisa),,Italy,,,,,
4835,organization,Res Publica,1168,alexmengozzi,Malakoff,,France,for_profit,national,,,
4837,organization,Berkeley Institute for Data Science,230430,NickAdams,Berkley,California,United States,,,,,
4840,organization,City Council of Pistoia,1168,alexmengozzi,Pistoia,,Italy,government,city/town,,,
4851,organization,The Danish Board of Technology Foundation,36,SandyHeierbacher,Copenhagen,,Denmark,non_profit_non_gov,national,,,
4852,organization,Fernald Citizens Advisory Board (FCAB),36,SandyHeierbacher,Hamilton,Ohio,United States,,regional,,,
4853,organization,Health Effects Institute (United States),36,SandyHeierbacher,Boston,Massachusetts,United States,Non-Profit or Non Governmental,,,,
4855,organization,"Policy Council of Kentucky Center for Public Issues (Kentucky, USA)",36,SandyHeierbacher,Frankfurt,Kentucky,United States,Non-Profit or Non Governmental,,,,
4856,organization,National Environmental Justice Advisory Council (United States),36,SandyHeierbacher,Washington,District Of Columbia,United States,,national,regional,metropolitan,
4857,organization,National Institute for Health and Clinical Excellence Citizens Council,4,Arfung,London,,United Kingdom,Government,,,,
4861,organization,Creative Publics Lab,198323,tmahoney,Vancouver,British Columbia,,higher_ed,metropolitan,city/town,,
4866,organization,Northern Ireland Patient and Client Council,183,qmayne,Belfast,,Ireland,Government,,,,
4867,organization,Seattle Neighborhood City Council,159,Msifuen,Seattle,Washington,United States,Government,,,,
4884,organization,Residents in Defence of Yungay Neighbourhood (Vecinos por la Defensa del Barrio Yungay),368,Laurenmo,Yungay,Bio-Bio (VIII),Chile,non_profit_non_gov,,,,
4888,organization,Agronomic studio Giannantoni and Arch. Pochini,1168,alexmengozzi,Foligno,,Italy,,,,,
4904,organization,Assembly,266491,poleev,,,Russia,,,,,
4910,organization,Youngstars Foundation,202023,"""Adebisi Alade""",Abuja,Federal Capital Territory,Nigeria,Non-Profit or Non Governmental,,,,
4914,organization,Aboriginal Youth Opportunities (AYO),110904,"""Scott Fletcher Bowlsby""",Winnipeg,Manitoba,Canada,Non-Profit or Non Governmental,,,,
4925,organization,University of Pittsburgh Center for Urban and Social Research,197215,"""Brendan Roach""",Pittsburgh,Pennsylvania,United States,University or Research,,,,
4929,organization,Derechos Digitales,121822,Isadora,Santiago de Chile,Region Metropolitana (RM),Chile,Non-Profit or Non Governmental,,,,
4943,organization,County Government of West Pokot,274062,"""Annette Omolo""",Kapenguria,Rift Valley,Kenya,,,,,
4945,organization,Lango Youth Development Network,153656,"""Ethan Way""",Lira,,Uganda,,,,,
4946,organization,Women's Advocacy Network Uganda,153656,"""Ethan Way""",Gulu,,Uganda,Non-Profit or Non Governmental,,,,
4963,organization,The Zapatista Army of National Liberation (EZLN),278255,"""Eleonora Gea Piccardi""",,,Mexico,,,,,
4965,organization,Centre for Community Organisation and Development (CCODE),153656,"""Ethan Way""",Lilongwe,,Malawi,,,,,
4966,organization,The Federation of the Rural and Urban Poor of Malawi,153656,"""Ethan Way""",Likuni,Central Region,Malawi,,,,,
4968,organization,"National Association for Patient Participation (NAPP), England",110904,"""Scott Fletcher Bowlsby""",Walton-on-Thames,London,United Kingdom,Non-Profit or Non Governmental,,,,
4974,organization,"Wuppertal Institut für Klima, Umwelt, Energie gGmbH",278549,dennis.arnold,Wuppertal,Nordrhein-Westfalen,Germany,,,,,
4989,organization,Union for Unemployed Graduates (UDC) Tunisia,286916,mattgordner,,,Tunisia,Non-Profit or Non Governmental,,,,
4990,organization,Global Shapers Tunis Hub,286916,mattgordner,,,Tunisia,Non-Profit or Non Governmental,,,,
4991,organization,The Association for the Protection of Jemna's Oasis (APJO),286916,mattgordner,Jemna,,Tunisia,,,,,
4994,organization,GovTrack,121822,Isadora,Washington DC,District Of Columbia,United States,Non-Profit or Non Governmental,,,,
4995,organization,Gen Why Media,198323,tmahoney,Vancouver,British Columbia,Canada,non_profit_non_gov,city/town,regional,,
4997,organization,Apathy is Boring,198323,tmahoney,Montréal,Québec,Canada,non_profit_non_gov,national,regional,,
4999,organization,K/Comunicazione,1168,alexmengozzi,Termoli,Campobasso,Italy,,,,,
5004,organization,Regional Council of Puglia,1168,alexmengozzi,,Apulia,Italy,government,regional,,,
5039,organization,Jato Spazio Idee,1168,alexmengozzi,San Giuseppe Jato,Palermo,Italy,,,,,
5040,organization,University of Naples Department of Architecture (DiARC),1168,alexmengozzi,Naples,,Italy,,,,,
5044,organization,Malawi Human Rights Youth Network (MHRYN),153656,"""Ethan Way""",Lilongwe,,Malawi,Non-Profit or Non Governmental,,,,
5060,organization,Kressbronn Municipality,295330,translake,Kressbronn am Bodensee,Baden-Württemberg,Germany,government,city/town,,,
5062,organization,City of Rottweil,295330,translake,Rottweil,Baden-Württemberg,Germany,government,city/town,,,
5064,organization,Constance city,295330,translake,,,,,,,,
5065,organization,StadtTengen,295330,translake,,,,,,,,
5066,organization,Gottmadingen Municipality,295330,translake,Gottmadingen,Baden-Württemberg,Germany,government,city/town,,,
5067,organization,City of Engen,295330,translake,Engen,,Germany,,,,,
5068,organization,City Council of Allensbach,295330,translake,Allenbach,,Germany,government,city/town,,,
5069,organization,Egger Bürgergemeinschaft (Egg Civic Association),295330,translake,Konstanz,,Germany,non_profit_non_gov,city/town,neighbourhood,,
5076,organization,"Fraunhofer Institute for Environmental, Safety, and Energy Technology UMSICHT",278549,dennis.arnold,Oberhausen,,Germany,higher_ed,national,multinational,,
5081,organization,Tuscany's Regional Authority for the Promotion of Participation (APP),110904,"""Scott Fletcher Bowlsby""",Florence,,Italy,government,regional,,,"(7125,collection,""Tuscany's Institutionalization of Public Participation and Deliberation"")"
5096,organization,Carcross/Tagish First Nation,351,Wcr,Carcross,,Canada,,,,,
5103,organization,Model Westminster,302116,fboss,,,United Kingdom,Non-Profit or Non Governmental,,,,
5113,organization,City of Austin,302785,oliverportway,Austin,,United States,government,city/town,,,
5130,organization,The Fifteenth of October Citizenship Institute,153320,PRODEP,Bela Vista,,Brazil,Non-Profit or Non Governmental,,,,
5148,organization,Social Research Centre Dortmund (SFS),278549,dennis.arnold,Dortmund,Nordrhein-Westfalen,Germany,,,,,
5150,organization,SHAMMESH,324128,DonaldGaunt,Vannes,,France,,,,,
5163,organization,Participatieraad Haarlem (Participation Council),2363,"""Tim Schoot Uiterkamp""",Haarlem,,Netherlands,,,,,
5165,organization,The Constitution Unit (University College London),356602,"""Lotte Hargrave""",London,,,higher_ed,,,,
5173,organization,"City of Essen, North Rhine-Westphalia",278549,dennis.arnold,Essen,,Deutschland,,,,,
5175,organization,"Aosta Valley Planning Department, Water Resources and Territory",1168,alexmengozzi,,,,government,regional,,,
5177,organization,Youth Outreach Programme Cameroon (YOP),65816,"""Patience N. Agwenjang""",Bamenda,,Cameroon,,,,,"(6495,collection,""Coady Institute Graduates"")"
5184,organization,Municipality of Rivalta di Torino,1168,alexmengozzi,,,,,,,,
5185,organization,Sereno Regis Study Center,1168,alexmengozzi,Turin,,Italy,,,,,
5191,organization,The Youth Café,383661,"""Willice Onyango""",Nairobi,,Kenya,,,,,
5195,organization,CSF - Training Service Center,1168,alexmengozzi,,,,,,,,
5198,organization,Municipality of Feltre,1168,alexmengozzi,,,,,,,,
5202,organization,Blufink Social Cooperative,1168,alexmengozzi,Bolzano,Trentino-South Tyrol,Italy,non_profit_non_gov,city/town,organization,,
5207,organization,Comune di Capannori,1168,alexmengozzi,Capannori,Tuscany,Italy,government,city/town,,,
5216,organization,Comune di Perugia,1168,alexmengozzi,Perugia,Umbria,Italy,government,city/town,,,
5218,organization,GeoSofia - Knowledge in process .,1168,alexmengozzi,,,,,,,,
5220,organization,Comune di Ceprano,1168,alexmengozzi,Ceprano,Lazio,Italy,government,city/town,,,
5221,organization,CDCA - Centro Documentazione sui Conflitti Ambientali,1168,alexmengozzi,Roma,Lazio,Italy,higher_ed,multinational,,,
5224,organization,Pugliese Institute of Economic and Social Research (IPRES),1168,alexmengozzi,Puglia,,Italy,,,,,
5230,organization,Coordinamento Parco Sociale Ventaglieri (CPSV),1168,alexmengozzi,Naples,Campania,Italy,,city/town,neighbourhood,,
5233,organization,NEXT - Nuove energie per il territorio,1168,alexmengozzi,,,,,,,,
5235,organization,ATI d:rh architetti associati,1168,alexmengozzi,Venice,Veneto,Italy,for_profit,city/town,,,
5247,organization,Women Transforming Cities,417701,Joanna_Ashworth,Vancouver,,Canada,,,,,
5292,organization,Victoria Design Nerds,1189,"""Jesi Carson Participedia Team""",Victoria,,Canada,,,,,
5297,organization,Women’s Earth and Climate Action Network International (WECAN),344323,"""Claire Buchanan""",Mill Valley,,United States,,,,,
5298,organization,Oregon Health Decisions,160,Cbo2,Tualatin,,United States,non_profit_non_gov,,,,
5302,organization,One Million Women,344323,"""Claire Buchanan""",Sydney,,Australia,,,,,
5409,organization,Simon Fraser University Faculty of Environment,110904,"""Scott Fletcher Bowlsby""",Burnaby,,Canada,higher_ed,organization,metropolitan,multinational,
5418,organization,Fórum dos Cidadãos,110904,"""Scott Fletcher Bowlsby""",Lisbon,,Portugal,,,,,
5421,organization,Climate Action Network Canada (CAN-RAC),344323,"""Claire Buchanan""",Ottawa,,Canada,,,,,
5428,organization,Mary Robinson Foundation - Climate Justice,344323,"""Claire Buchanan""",Dublin,,Ireland,non_profit_non_gov,,,,"(6581,collection,""California Online Environmental Engagement Conference"")"
5439,organization,City of Ottawa,417728,"""Aengus Bridgman""",Ottawa,,Canada,government,,,,
5447,organization,Fight for the Future,110904,"""Scott Fletcher Bowlsby""",Boston,,United States,non_profit_non_gov,,,,
5448,organization,Common Cause,110904,"""Scott Fletcher Bowlsby""",,,United States,,,,,
5452,organization,Participation Culture Foundation,121822,Isadora,Boston,,United States,,,,,
5454,organization,Decode,121822,Isadora,Barcelona,,Spain,,,,,
5455,organization,Creatica,121822,Isadora,Madrid,,Spain,,,,,
5456,organization,Icelandic Modern Media Initiative (IMMI),121822,Isadora,Reykjavík,,Iceland,,,,,
5458,organization,See Click Fix,121822,Isadora,New Haven,,United States,,,,,
5460,organization,Public Lab,121822,Isadora,,,,,,,,
5462,organization,Electronic Privacy Information Center (EPIC),121822,Isadora,Washington,,United States,,,,,
5463,organization,New America's Open Technology Institute,121822,Isadora,Washington,,United States,,,,,
5464,organization,Electronic Frontier Foundation,121822,Isadora,,,,,,,,
5465,organization,European Digital Rights,121822,Isadora,,,,,,,,
5466,organization,Chaos Computer Club,121822,Isadora,,,Germany,,,,,
5468,organization,Democracia Real Ya (DRY),121822,Isadora,,,Spain,,,,,
5469,organization,Xnet,121822,Isadora,,,,,,,,
5470,organization,GreatFire,121822,Isadora,,,China,,,,,
5503,organization,National Union of Disabled Persons of Uganda (NUDIPU),110904,"""Scott Fletcher Bowlsby""",Kampala,,Uganda,,,,,
5505,organization,The Democratic Engagement Exchange,417742,john.beebe,Toronto,,Canada,,,,,
5510,organization,Conseil de Paris,110904,"""Scott Fletcher Bowlsby""",Paris,,France,,,,,
5564,organization,Youth Association for Development and Environment (YADE),417764,mhelmy18,,,Egypt,,,,,
5588,organization,Agora Brussels,417797,contact,Bruxelles,Bruxelles,Belgium,,,,,
5639,organization,Centre for Indigenous Knowledge and Organizational Development,25,"""Patrick L Scully Participedia Team""",,,,,,,,
5641,organization,National Association of Street Vendor of Indian (NASVI),110904,"""Scott Fletcher Bowlsby""",,,,,,,,
5643,organization,Self-Employed Women's Association (SEWA),110904,"""Scott Fletcher Bowlsby""",,,,,,,,
5645,organization,"The RSA (Royal Society for the Encouragement of Arts, Manufactures and Commerce)",110904,"""Scott Fletcher Bowlsby""",,England,United Kingdom,non_profit_non_gov,national,,,
5753,organization,Global Challenges Foundation,417804,"""Katie Patterson""",,,Sweden,,,,,
5760,organization,New York City Civic Engagement Commission,110904,"""Scott Fletcher Bowlsby""",New York,,United States,,,,,
5766,organization,Management Board for the Memory Park and the Monument to the Victims of State Terrorism,417806,LATINNO,Buenos Aires,,Argentina,,city/town,,,"(6498,collection,LATINNO)"
5767,organization,Observatory of Mining Conflicts in Latin America,417806,LATINNO,Santiago,,Chile,non_profit_non_gov,national,multinational,,"(6498,collection,LATINNO)"
5772,organization,"Coady International Institute, St. Francis Xavier University",110904,"""Scott Fletcher Bowlsby""",Antigonish,,Canada,higher_ed,city/town,regional,multinational,
5773,organization,The Studio for Extensive Aesthetics at Emily Carr University of Art + Design,110904,"""Scott Fletcher Bowlsby""",Vancouver,,Canada,,,,,
5774,organization,The Ford Foundation,110904,"""Scott Fletcher Bowlsby""",New York,,United States,non_profit_non_gov,multinational,national,,
5775,organization,Harvard Ash Center for Democratic Governance and Innovation,110904,"""Scott Fletcher Bowlsby""",Cambridge,,United States,higher_ed,national,multinational,,
5776,organization,McGill University Centre for the Study of Democratic Citizenship (CSDC-CECD),110904,"""Scott Fletcher Bowlsby""",Montreal,,Canada,,,,,
5777,organization,The Institute for Governance and Policy Analysis (IGPA) at the University of Canberra,110904,"""Scott Fletcher Bowlsby""",Canberra,,Australia,,,,,
5778,organization,The Centre for the Study of Democratic Institutions at the University of British Columbia,110904,"""Scott Fletcher Bowlsby""",Vancouver,,Canada,,,,,
5780,organization,The Maxwell School of Citizenship and Public Affairs at Syracuse University,110904,"""Scott Fletcher Bowlsby""",Syracuse,,United States,,,,,
5781,organization,The McCourtney Institute for Democracy at Pennsylvania State University,110904,"""Scott Fletcher Bowlsby""",State College,,United States,,,,,
5782,organization,The Montreal Centre for International Studies (CÉRIUM),110904,"""Scott Fletcher Bowlsby""",Montreal,,Canada,,,,,
5783,organization,The University of Coimbra Center for Social Studies (CES),110904,"""Scott Fletcher Bowlsby""",Coimbra,,Portugal,,,,,
5784,organization,University of the Western Cape Department of Political Studies,110904,"""Scott Fletcher Bowlsby""",Cape Town,,South Africa,,,,,
5785,organization,The W. Maurice Young Centre for Applied Ethics,110904,"""Scott Fletcher Bowlsby""",Vancouver,,,,,,,
5786,organization,McMaster University Centre for Health Economics and Policy Analysis,110904,"""Scott Fletcher Bowlsby""",Hamilton,,Canada,,,,,
5787,organization,City of Winnipeg's Office of Public Engagement,110904,"""Scott Fletcher Bowlsby""",Winnipeg,,Canada,,,,,
5788,organization,Animated construction sites,110904,"""Scott Fletcher Bowlsby""",Florence,,Italy,,,,,
5789,organization,Monia Guarino - Active principles,110904,"""Scott Fletcher Bowlsby""",,,Italy,,,,,
5790,organization,Partners West Africa Nigeria (PWAN),110904,"""Scott Fletcher Bowlsby""",Abuja,,Nigeria,,national,,,
5791,organization,À Nous La Démocratie,110904,"""Scott Fletcher Bowlsby""",,,France,,,,,
5792,organization,Sharecast Initiative Nepal,110904,"""Scott Fletcher Bowlsby""",Patan,,Nepal,non_profit_non_gov,,,,"(6495,collection,""Coady Institute Graduates"")"
5793,organization,Ethelo Decisions,110904,"""Scott Fletcher Bowlsby""",,,Canada,,,,,
5794,organization,"Involved, Inc.",110904,"""Scott Fletcher Bowlsby""",Boston,,United States,,,,,
5795,organization,Street Law,110904,"""Scott Fletcher Bowlsby""",,,United States,,,,,
5796,organization,The Irish Citizens' Assembly,110904,"""Scott Fletcher Bowlsby""",,,Ireland,non_profit_non_gov,national,,,"(6492,collection,""Participedia Team"")"
5797,organization,City of Turin,110904,"""Scott Fletcher Bowlsby""",Turin,,Italy,,,,,
5798,organization,Local Monitoring Research and Implementations Association (Yereliz),418186,"""Yereliz Association""",,,Turkey,,,,,
5799,organization,City of Salisbury,110904,"""Scott Fletcher Bowlsby""",Salisbury,,Australia,,,,,
5800,organization,The William and Flora Hewlett Foundation,110904,"""Scott Fletcher Bowlsby""",Menlo Park,,United States,,,,,
5829,organization,Plataforma de Integración Ciudadana,417920,"""PIC - Plataforma de Integración Ciudadana""",,,,non_profit_non_gov,,,,
5847,organization,"Urban Agroecology Network Metropolitana (RUA), Belo Horizonte",102831,PriscilaDC,,Minas Gerais,,non_profit_non_gov,metropolitan,,,
5856,organization,CitizenLab,417931,CitizenLab,Brussels,Brussels,,for_profit,no_geo,,,
5858,organization,"Metropolitan Articulation of Urban Agriculture (AMAU), Brazil",102831,PriscilaDC,,Minas Gerais,,non_profit_non_gov,metropolitan,,,
5862,organization,Movilizatorio: Connecting for Change,417806,LATINNO,Bogota,Bogota,Colombia,non_profit_non_gov,city/town,,,"(6498,collection,LATINNO)"
5869,organization,Poder do Voto,417954,paulodallanora,,,Brazil,non_profit_non_gov,national,,,
5875,organization,Double Arrow Consulting,134860,"""Lucy J Parry Participedia Team""",Canberra,Australian Capital Territory,,,,,,
5917,organization,Participate in Design (P!D),418009,chenselabel,Singapore,,Singapore,non_profit_non_gov,neighbourhood,city/town,,
5918,organization,Canberra Alliance for Participatory Democracy,418010,mark,Canberra,Australian Capital Territory,,,regional,,,
5938,organization,Deliberately Engaging,134860,"""Lucy J Parry Participedia Team""",,,Australia,non_profit_non_gov,,,,
5940,organization,Cities of Service,110904,"""Scott Fletcher Bowlsby""",New York,New York,United States,non_profit_non_gov,,,,
5952,organization,My Voice,418027,kristine.ant,Riga,,Latvia,non_profit_non_gov,national,,,
5961,organization,Shipyard Foundation,418031,"""Kasia Pawłowska""",Warszawa,mazowieckie,Polska,non_profit_non_gov,city/town,national,multinational,
5963,organization,New Heroes,418032,jasper,Amsterdam,Noord-Holland,,,,,,
5976,organization,Venezuelan Observatory for the Human Rights of Women,417806,LATINNO,,,Venezuela,non_profit_non_gov,national,,,"(6498,collection,LATINNO)"
5977,organization,BiPart,417852,franciscovenes,Milano,Lombardia,Italy,for_profit,,,,
6027,organization,Vancouver Design Nerds,1189,"""Jesi Carson Participedia Team""",Vancouver,British Columbia,Canada,non_profit_non_gov,metropolitan,,,
6069,organization,Podemos,110904,"""Scott Fletcher Bowlsby""",,,Spain,government,national,,,
6102,organization,IRES Piedmont,1168,alexmengozzi,Torino,Piemonte,Italia,higher_ed,,,,
6103,organization,Eclectica Snc,1168,alexmengozzi,Torino,Piemonte,Italia,higher_ed,multinational,metropolitan,national,
6106,organization,sChOoL🤸‍♀️withOuT frOntiers!⛵,418173,lonais.jaillais,,,,,,,,
6138,organization,The Ron and Jessica Leibowitz Fund for Innovation at Middlebury College,110904,"""Scott Fletcher Bowlsby""",Middlebury,Vermont,United States,higher_ed,organization,,,
6139,organization,Measure of America,418182,vikki,,New York,United States,,,,,
6141,organization,What Works Scotland,110904,"""Scott Fletcher Bowlsby""",,Scotland,United Kingdom,higher_ed,regional,city/town,,
6147,organization,Metropolitan city of Genoa,1168,alexmengozzi,Genova,Liguria,Italia,government,metropolitan,,,
6149,organization,Nimby Forum [ITALIAN],1168,alexmengozzi,Milano,Lombardia,Italia,for_profit,national,,,
6179,organization,CIVIC Bangalore,417958,"""A Krishna Prasanth""",Bengaluru,Karnataka,India,non_profit_non_gov,,,,
6180,organization,Citizens for Bengaluru,417958,"""A Krishna Prasanth""",Bengaluru,Karnataka,India,non_profit_non_gov,,,,
6182,organization,SL&A tourism and territory [ITALIAN],1168,alexmengozzi,Roma,Lazio,Italia,for_profit,no_geo,national,,
6201,organization,Pronobis Studio,418191,"""Sylwia Widzisz-Pronobis""",Bytom,śląskie,Polska,for_profit,city/town,,,
6202,organization,g0v,110904,"""Scott Fletcher Bowlsby""",,,Taiwan,non_profit_non_gov,national,,,
6210,organization,Autonomous Province of Trento - Agriculture Service [Italian],1168,alexmengozzi,Trento,Trentino-Alto Adige,Italia,government,,,,
6215,organization,Stefano Reyes,1168,alexmengozzi,Bologna,Emilia-Romagna,Italia,higher_ed,,,,
6217,organization,Research Action Soc. Coop. Social [Italian],1168,alexmengozzi,Faenza,Emilia-Romagna,Italia,non_profit_non_gov,national,metropolitan,regional,
6218,organization,Owatonna Forward,418196,jsprout,Owatonna,Minnesota,United States,,city/town,,,
6219,organization,Owatonna Human Rights Commission,418196,jsprout,Owatonna,Minnesota,United States,government,city/town,,,
6220,organization,Moms Demand Action for Gun Sense in America,418148,lhall,,,United States,non_profit_non_gov,national,,,
6221,organization,EveryTown for Gun Safety,418148,lhall,,,United States,non_profit_non_gov,national,,,
6229,organization,Simurg Ricerche Snc [Italian],1168,alexmengozzi,Livorno,Toscana,Italia,,,,,
6232,organization,Yashar,418206,eranetzion,,,ישראל,government,,,,
6243,organization,Mario Cucinella Architects,1168,alexmengozzi,Bologna,Emilia-Romagna,Italia,for_profit,multinational,national,,
6246,organization,Consejo de Planeamiento Estratégico (Strategic Planning Council in Buenos Aires),65550,ale_li007,Buenos Aires,Buenos Aires,Argentina,government,city/town,,,
6248,organization,Avanzi SrL,1168,alexmengozzi,Milano,Lombardia,Italia,,,,,
6249,organization,Ascolto Attivo SrL,1168,alexmengozzi,Milano,Lombardia,Italia,government,city/town,,,
6253,organization,Tharek (T7arek),286916,mattgordner,,,Tunisia,non_profit_non_gov,,,,
6258,organization,Municipality of L'Aquila [Italian],1168,alexmengozzi,L'Aquila,Abruzzo,Italia,government,city/town,,,
6261,organization,Puglia Region Participation Office,1168,alexmengozzi,Bari,Puglia,Italia,government,regional,,,
6295,organization,Municipality of Melfi [Italian],1168,alexmengozzi,Melfi,Basilicata,Italia,government,city/town,,,
6302,organization,The Democratic Society,1168,alexmengozzi,Bruxelles,Bruxelles,Belgio,non_profit_non_gov,city/town,national,,
6304,organization,Municipality of Canicattini Bagni [Italian],1168,alexmengozzi,Canicattini Bagni,Sicilia,Italia,government,city/town,,,
6307,organization,Sardinia Landscape - Observatory [Italian],1168,alexmengozzi,Cagliari,Sardegna,Italia,government,regional,,,
6309,organization,"Shared Future, A Community Interest Company",2529,"""Jez Hall""",Manchester,England,United Kingdom,non_profit_non_gov,national,city/town,multinational,
6311,organization,F Tourism & Marketing,1168,alexmengozzi,Torino,Piemonte,Italia,for_profit,city/town,national,,
6313,organization,Local Operators' Platform (LOCOP),418266,locop.project,,,,non_profit_non_gov,multinational,,,
6317,organization,DebateArt,418273,debateart,,,United States,non_profit_non_gov,,,,
6334,organization,Embassy of the Republic of Užupis to Munich,418317,"""Max Haarich""",München,Bayern,Deutschland,,,,,
6341,organization,Folkstyret,418373,"""Micke Ströberg""",,,Sverige,,national,regional,,
6342,organization,Citizen OS Foundation,418377,anett,,,Estonia,non_profit_non_gov,multinational,,,
6343,organization,We the People of Canada,418382,"""Blain Cellars""",,,Canada,non_profit_non_gov,national,regional,city/town,
6362,organization,CityHive Vancouver,417747,si3g17,Vancouver,British Columbia,Canada,non_profit_non_gov,city/town,,,
6371,organization,Compassionate Troublemaking,418431,inspired,Birmingham,England,United Kingdom,non_profit_non_gov,no_geo,,,
6408,organization,Urban Equipe,418424,lars,Zürich,Zurich,Switzerland,non_profit_non_gov,,,,
6414,organization,Parlia,418484,turi,London,England,United Kingdom,non_profit_non_gov,no_geo,,,
6416,organization,Make Shift Coffee House,418482,adelle,,Maine,United States,non_profit_non_gov,city/town,metropolitan,regional,
6422,organization,The Field of Dialogue Foundation (Fundacja Pole Dialogu),418408,"""Pole Dialogu""",Warszawa,mazowieckie,Polska,non_profit_non_gov,neighbourhood,city/town,national,
6429,organization,"Social Equity and Participation Center, China",418518,admin,Chengdu,Sichuan,China,non_profit_non_gov,regional,neighbourhood,city/town,
6440,organization,WeCollect,418540,alice.el-wakil,,,Suisse,non_profit_non_gov,national,,,
6449,organization,Collectus,418540,alice.el-wakil,,,Suisse,non_profit_non_gov,national,,,
6450,organization,Inilab,418540,alice.el-wakil,Zurich,Zurich,Suisse,non_profit_non_gov,national,,,
6471,organization,Minerva Arts,134860,"""Lucy J Parry Participedia Team""",,England,United Kingdom,non_profit_non_gov,regional,,,"(6492,collection,""Participedia Team"")"
6474,organization,Asociación Partycipa,418603,jau,,Principado de Asturias,España,non_profit_non_gov,,,,
6476,organization,In common,418608,"""Julien Ineichen""",Renens,Vaud,Suisse,non_profit_non_gov,regional,,,
6487,organization,De Sterrestengel: Supporting Local Learning and Community in Meigem (Belgium),418627,lieven.godderis,,,,non_profit_non_gov,neighbourhood,,,
6490,organization,Global Partnership Against Child Exploitation (GPACE),418631,globalpartnershipa,Lilongwe,Central Region,Malawi,non_profit_non_gov,national,multinational,,
6541,organization,National Center for Immunization and Respiratory Diseases (NCIRD),418554,sandyheierbacher,,,United States,government,national,,,
6542,organization,HHS National Vaccine Program Office,418554,sandyheierbacher,,,United States,government,national,,,
6559,organization,Institute for Democratic Engagement and Accountability (IDEA),418646,"""Antonin Lacelle-Webster""",Columbus,Ohio,United States,higher_ed,,,,
6563,organization,GloPoll,418634,"""Jamie Slate""",,,United States,non_profit_non_gov,no_geo,,,
6566,organization,Media Enterprise Design Lab,418735,nathan.schneider,Boulder,Colorado,United States,higher_ed,no_geo,national,,
6578,organization,"Australian Centre for Health Engagement, Evidence and Values",418646,"""Antonin Lacelle-Webster""",,,Australia,higher_ed,multinational,national,regional,
6584,organization,Initiative for Digital Democratic Action,418762,zunicpredrag,Belgrade,,Serbia,non_profit_non_gov,no_geo,national,,
6592,organization,MRC/Wits Agincourt Health and Socio Demographic Surveillance System,417734,"""Jaskiran Gakhal Participedia Team""",,,South Africa,higher_ed,regional,,,
6593,organization,"Consortium for Science, Policy, and Outcomes",418646,"""Antonin Lacelle-Webster""",Tempe,Arizona,United States,,,,,
6595,organization,Black Lives Matter Global Network,134860,"""Lucy J Parry Participedia Team""",,,,non_profit_non_gov,multinational,,,"(6580,collection,""Public Participation for Racial Justice"")"
6670,organization,LAAAB: Open Government Laboratory of Aragon,418828,gobiernoabierto,Zaragoza,Aragon,Spain,government,city/town,regional,,
6675,organization,"Agora Central Europe, o.p.s.",418837,"""Vojtěch Černý""",Praha,Hlavní město Praha,Česko,non_profit_non_gov,city/town,national,organization,
6676,organization,German Institute for Global and Area Studies (GIGA),418793,andi.pratiwi,Hamburg,Hamburg,Deutschland,higher_ed,national,multinational,city/town,
6679,organization,Health Research Authority,417734,"""Jaskiran Gakhal Participedia Team""",London,England,United Kingdom,government,national,,,
6690,organization,Center for Civic Education,417734,"""Jaskiran Gakhal Participedia Team""",Calabasas,California,United States,non_profit_non_gov,national,regional,,
6692,organization,Syrian Archive,417754,"""Alanna Scott Participedia Team""",,,Syria,non_profit_non_gov,national,,,
6693,organization,Mnemonic,417754,"""Alanna Scott Participedia Team""",,,,non_profit_non_gov,,,,
6733,organization,RSF Social Finance,134860,"""Lucy J Parry Participedia Team""",San Francisco,California,United States,non_profit_non_gov,,,,"(6774,collection,""Linking Participation and Economic Advancement"")"
6734,organization,Buen Vivir Fund: Participatory Impact Investing,134860,"""Lucy J Parry Participedia Team""",San Francisco,California,United States,non_profit_non_gov,multinational,,,"(6774,collection,""Linking Participation and Economic Advancement"")"
6735,organization,Women’s Association for the Development of Sacatepéquez (AFEDES),134860,"""Lucy J Parry Participedia Team""",,Sacatepéquez Department,Guatemala,non_profit_non_gov,regional,,,"(6774,collection,""Linking Participation and Economic Advancement"")"
6738,organization,PEKKA: Women-Headed Household Empowerment,134860,"""Lucy J Parry Participedia Team""",,,Indonesia,non_profit_non_gov,,,,"(6774,collection,""Linking Participation and Economic Advancement"")"
6740,organization,Illuminating Citizens - Community Network (Ivrea),1168,alexmengozzi,Ivrea,Piemonte,Italia,non_profit_non_gov,city/town,neighbourhood,,
6764,organization,EduPaz (Educación para la Paz),134860,"""Lucy J Parry Participedia Team""",,Chiapas,Mexico,non_profit_non_gov,regional,,,"(6774,collection,""Linking Participation and Economic Advancement"")"
6787,organization,The Evergreen Cooperatives Initiative,134860,"""Lucy J Parry Participedia Team""",Cleveland,Ohio,United States,non_profit_non_gov,neighbourhood,organization,,"(6774,collection,""Linking Participation and Economic Advancement"")"
6788,organization,Slow Money,134860,"""Lucy J Parry Participedia Team""",Boulder,Colorado,United States,non_profit_non_gov,national,regional,organization,"(6774,collection,""Linking Participation and Economic Advancement"")"
6789,organization,Once Again Nut Butter,134860,"""Lucy J Parry Participedia Team""",Nunda,New York,United States,for_profit,organization,,,"(6774,collection,""Linking Participation and Economic Advancement"")"
6790,organization,Cooperative Home Care Associates,134860,"""Lucy J Parry Participedia Team""",,New York,United States,for_profit,metropolitan,,,"(6774,collection,""Linking Participation and Economic Advancement"")"
6792,organization,Ético,134860,"""Lucy J Parry Participedia Team""",,,Nicaragua,non_profit_non_gov,,,,"(6774,collection,""Linking Participation and Economic Advancement"")"
6793,organization,Colombian Coffee Growers Federation (FNC),134860,"""Lucy J Parry Participedia Team""",Bogota,Bogota,Colombia,non_profit_non_gov,multinational,,,"(6774,collection,""Linking Participation and Economic Advancement"")"
6796,organization,"CST - Centro studi sul territorio, University of Bergamo",1168,alexmengozzi,Bergamo,Lombardia,Italy,higher_ed,no_geo,,,
6797,organization,People's Credit Cooperative Society (KKR),134860,"""Lucy J Parry Participedia Team""",,,Malaysia,for_profit,,,,"(6774,collection,""Linking Participation and Economic Advancement"")"
6798,organization,Gujarat Cooperative Milk Marketing Federation Limited,134860,"""Lucy J Parry Participedia Team""",,Gujarat,India,for_profit,,,,"(6774,collection,""Linking Participation and Economic Advancement"")"
6799,organization,SEWA Sangini Child Care Workers’ Cooperative,134860,"""Lucy J Parry Participedia Team""",Ahmedabad,Gujarat,India,non_profit_non_gov,metropolitan,,,"(6774,collection,""Linking Participation and Economic Advancement"")"
6800,organization,Demokrative - Initiative for Civic Education,418793,andi.pratiwi,Bern,Canton of Bern,Switzerland,non_profit_non_gov,organization,national,no_geo,
6802,organization,Department of Architecture and Urban Studies (DAStU) - Milan Polytechnic,1168,alexmengozzi,Milano,Lombardia,Italy,higher_ed,,,,
6808,organization,Missions Publiques,418646,"""Antonin Lacelle-Webster""",,,France,for_profit,national,city/town,,
6831,organization,Futour SAS,1168,alexmengozzi,Pisa,Toscana,Italy,for_profit,no_geo,,,
6835,organization,Kenya Tea Development Agency,134860,"""Lucy J Parry Participedia Team""",Nairobi,Nairobi County,Kenya,for_profit,national,,,"(6774,collection,""Linking Participation and Economic Advancement"")"
6838,organization,Marange Development Trust,134860,"""Lucy J Parry Participedia Team""",,Manicaland Province,Zimbabwe,non_profit_non_gov,,,,"(6774,collection,""Linking Participation and Economic Advancement"")"
6845,organization,Matteo Garzella,1168,alexmengozzi,Lucca,Toscana,Italia,,no_geo,,,
6847,organization,"Department of Architecture, University of Florence",1168,alexmengozzi,Firenze,Toscana,Italia,higher_ed,,,,
6848,organization,Catalan Integral Cooperative,134860,"""Lucy J Parry Participedia Team""",,Catalonia,Spain,for_profit,,,,"(6774,collection,""Linking Participation and Economic Advancement"")"
6850,organization,Bright Exchange,134860,"""Lucy J Parry Participedia Team""",,England,United Kingdom,non_profit_non_gov,city/town,,,"(6774,collection,""Linking Participation and Economic Advancement"")"
6854,organization,Bedre demokrati/Better Democracy,418968,mail,,,Denmark,non_profit_non_gov,national,,,
6855,organization,Cantieri Animati Snc,1168,alexmengozzi,Firenze,Toscana,Italia,for_profit,no_geo,,,
6857,organization,Former Fadda. Cooperative Something different (San Vito dei Normanni),1168,alexmengozzi,San Vito dei Normanni,Puglia,Italia,non_profit_non_gov,city/town,,,
6858,organization,Scuola Open Source (SOS) - Bari,1168,alexmengozzi,Bari,Puglia,Italia,non_profit_non_gov,no_geo,,,
6860,organization,FabLab Poliba Bitonto,1168,alexmengozzi,Bitonto,Puglia,Italia,higher_ed,city/town,,,
6868,organization,Social Agriculture Forum Puglia,1168,alexmengozzi,Mola di Bari,Puglia,Italia,non_profit_non_gov,,,,
6873,organization,Primaidea Srl,1168,alexmengozzi,Cagliari,Sardegna,Italia,for_profit,,,,
6877,organization,Toi te Taiao: the Bioethics Council,418986,"""Simon Wright""",,,New Zealand,government,,,,
6883,organization,"Roma Capitale, Department of Participation, Communication and Equal Opportunities",1168,alexmengozzi,Roma,Lazio,Italia,government,,,,
6885,organization,Fondaca Onlus. Foundation for Active Citizenship,1168,alexmengozzi,Roma,Lazio,Italia,non_profit_non_gov,,,,
6892,organization,Metamor Architects and Associates,1168,alexmengozzi,Lecce,Puglia,Italia,for_profit,,,,
6897,organization,Sustainable Development Institute (SDI),417734,"""Jaskiran Gakhal Participedia Team""",Monrovia,Montserrado,Liberia,non_profit_non_gov,neighbourhood,national,,
6900,organization,Asset,1168,alexmengozzi,Bari,Puglia,Italia,government,,,,
6907,organization,DARE Democracy and Human Rights Education in Europe,419007,"""DARE office""",Brüssel,Region Brüssel-Hauptstadt,Belgien,non_profit_non_gov,organization,,,
6911,organization,Poleis Soc. Coop a r.l.,1168,alexmengozzi,Ferrara,Emilia-Romagna,Italia,non_profit_non_gov,,,,
6918,organization,Casgrain Square,418343,marie.lefebvre.2,Montréal,Québec,Canada,non_profit_non_gov,organization,neighbourhood,,
6919,organization,Friends of the field of possibilities,418343,marie.lefebvre.2,Montréal,Québec,Canada,non_profit_non_gov,organization,neighbourhood,,
6920,organization,Hollow Teeth / Island of Whispers,418343,marie.lefebvre.2,Montréal,Québec,Canada,non_profit_non_gov,organization,neighbourhood,,
6921,organization,Friends of the Gorilla Park,418343,marie.lefebvre.2,Montréal,Québec,Canada,non_profit_non_gov,organization,neighbourhood,,
6922,organization,Solon / Oasis Bellechasse,418343,marie.lefebvre.2,Montréal,Québec,Canada,non_profit_non_gov,organization,neighbourhood,,
6929,organization,Observatorio Político Dominicano,25,"""Patrick L Scully Participedia Team""",Santo Domingo,Distrito Nacional,Dominican Republic,higher_ed,national,,,
6964,organization,Ada Lovelace Institute,418646,"""Antonin Lacelle-Webster""",,,United Kingdom,,,,,
6967,organization,Traverse,418646,"""Antonin Lacelle-Webster""",,England,United Kingdom,for_profit,,,,
6977,organization,Civocracy,419044,esther,Berlin,Berlin,Germany,for_profit,,,,
7084,organization,BritainThinks,418646,"""Antonin Lacelle-Webster""",,,United Kingdom,,,,,
7112,organization,Democracy Watch,419190,"""Democracy Watch""",Ottawa,Ontario,Canada,non_profit_non_gov,national,,,
7113,organization,Democracy Education Network,419190,"""Democracy Watch""",Ottawa,Ontario,Canada,non_profit_non_gov,national,,,
7121,organization,Cultural Association Da2 Trucados,417734,"""Jaskiran Gakhal Participedia Team""",Almuñécar,Andalucía,España,non_profit_non_gov,national,,,
7122,organization,taller Creando Sin Encargos (tCSE),419223,tallercreandosinencargos,San Juan,San Juan,Puerto Rico,non_profit_non_gov,regional,,,
7124,organization,CivApp,419240,civappcanada,Toronto,Ontario,Canada,non_profit_non_gov,national,metropolitan,regional,
7126,organization,PeopleCount,419215,ras,Mountain View,California,United States,non_profit_non_gov,national,,,
7127,organization,Designing Open Democracy,419264,mofosyne,,,Australia,non_profit_non_gov,,,,
7158,organization,Eurogroup Consulting,418646,"""Antonin Lacelle-Webster""",,,France,for_profit,multinational,,,
7177,organization,Dyne.org,419565,foundation,Amsterdam,North Holland,Netherlands,non_profit_non_gov,multinational,,,
7220,organization,GloCo.ch,419730,"""GloCo organizational account""",Uster,Zurich,Switzerland,non_profit_non_gov,multinational,no_geo,,
7232,organization,UK Natural Environmental Research Council,417734,"""Jaskiran Gakhal Participedia Team""",,England,United Kingdom,higher_ed,national,,,"(7157,collection,""Climate Change"")"
7234,organization,Kantar Public (formerly TNS-BMRB),417734,"""Jaskiran Gakhal Participedia Team""",,,United Kingdom,higher_ed,national,multinational,,
7235,organization,3KQ,417734,"""Jaskiran Gakhal Participedia Team""",Wilden,England,United Kingdom,for_profit,national,,,
7236,organization,Weaving of Indigenous Professionals,417734,"""Jaskiran Gakhal Participedia Team""",,,Argentina,non_profit_non_gov,national,,,"(6498,collection,LATINNO)"
7237,organization,Citizen Observatory for COVID-19 Nicaragua,417734,"""Jaskiran Gakhal Participedia Team""",,,Nicaragua,non_profit_non_gov,national,,,"(6499,collection,""Covid-19 Response"")"
7238,organization,Observatorio Nacional de Crímenes de Odio LGBT,417806,LATINNO,,,Argentina,non_profit_non_gov,national,,,"(6498,collection,LATINNO)"
7239,organization,Observatorio de Justicia Fiscal desde las Mujeres,417734,"""Jaskiran Gakhal Participedia Team""",La Paz,La Paz Department,Bolivia,non_profit_non_gov,national,,,"(6498,collection,LATINNO)"
7240,organization,InnovaLab,417734,"""Jaskiran Gakhal Participedia Team""",,,Dominican Republic,non_profit_non_gov,national,,,"(6498,collection,LATINNO)"
7241,organization,Citizen Observatory Against Corruption,417734,"""Jaskiran Gakhal Participedia Team""",,,Panama,non_profit_non_gov,national,,,"(6498,collection,LATINNO)"
7242,organization,Curitiba City Council,419475,moacir.c.jr,Curitiba,State of Paraná,Brazil,government,city/town,,,
7246,organization,Common Lot Productions,419843,dgrant,,,United States,non_profit_non_gov,national,regional,city/town,
7247,organization,Curitiba Municipal Sports Council,419477,etzelbarddal,Curitiba,State of Paraná,Brazil,government,city/town,,,
7248,organization,Curitiba Tourism Council,419476,fs.juliana1,Curitiba,State of Paraná,Brazil,government,city/town,,,
7249,organization,Curitiba Municipal Youth Council (Conselho Municipal da Juventude),417734,"""Jaskiran Gakhal Participedia Team""",Curitiba,Paraná,Brasil,,city/town,,,
7250,organization,Curitiba Municipal Council of Education - CME,417734,"""Jaskiran Gakhal Participedia Team""",Curitiba,Paraná,Brasil,,city/town,,,
7253,organization,Dialogbaukasten,419905,marco.mueller,Heidelberg,Baden-Württemberg,Germany,,no_geo,,,
7265,organization,The Global Centre for Risk and Innovation,419943,contact,Toronto,Ontario,Canada,higher_ed,multinational,,,
7274,organization,Urban Experience,417734,"""Jaskiran Gakhal Participedia Team""",,Lazio,Italy,,city/town,,,
7275,organization,Policy Lab,420059,"""Becky Miller""",,,United Kingdom,government,national,,,
7281,organization,Grove,420214,amanpatel1777,,,,non_profit_non_gov,no_geo,,,
7282,organization,Romania's Council of Students,418602,radovici.christopher,Bucharest,Bucharest,Romania,non_profit_non_gov,national,regional,metropolitan,
7376,organization,#LoretoIdeal,417734,"""Jaskiran Gakhal Participedia Team""",Loreto,Baja California Sur,Mexico,non_profit_non_gov,city/town,,,
7383,organization,My Country Talks,420457,sara.cooper,,,Germany,non_profit_non_gov,multinational,,,
7390,organization,The Government of the Municipality of Peñalolén,419968,"""George Vary""",Peñalolén,Santiago Metropolitan Region,Chile,government,city/town,,,
7398,organization,Leighton-Linslade Town Council,420016,jh15g19,,England,United Kingdom,government,city/town,,,
7399,organization,Centre for Liberal Strategies,419962,"""Jacob Thomas""",Sofia,Sofia City Province,Bulgaria,higher_ed,national,,,
7427,organization,Bolívar and Zamora Revolutionary Current (CRBZ),420537,"""Alex Moldovan""",,,Venezuela,government,national,city/town,neighbourhood,
7438,organization,Centre for Deliberative Democracy and Global Governance,420557,"""Selen A. Ercan """,Canberra,Australian Capital Territory,Australia,higher_ed,city/town,,,
7464,organization,Productive Workers' Army (EPO),420537,"""Alex Moldovan""",,,Venezuela,non_profit_non_gov,organization,national,,
7508,organization,ifok - We shape change.,420261,"""Constantin Schäfer""",,,,for_profit,regional,national,no_geo,
7540,organization,SFU Public Square,420679,"""Janet Webber """,Vancouver,British Columbia,Canada,higher_ed,national,,,
7559,organization,Research and Advocacy for Gender Justice (RAGJ),65816,"""Patience N. Agwenjang""",Bamenda,Northwest,Cameroon,non_profit_non_gov,national,,,
7566,organization,Surrey County Council TEST,420717,bw12g17,,England,United Kingdom,government,regional,,,
7570,organization,Helmholtz Centre for Environmental Research,420551,rp3g16,Leipzig,Saxony,Germany,higher_ed,multinational,national,,
7575,organization,International Association of Maternal Action and Scholarship,420808,writesrightnow,,,,non_profit_non_gov,multinational,,,
7577,organization,Camden Council,420542,ams4g15,,England,United Kingdom,government,city/town,,,
7578,organization,Glasgow City Council,420672,jm25g17,Glasgow,Scotland,United Kingdom,government,city/town,,,
7579,organization,The Young Movers (YoMo),420672,jm25g17,Glasgow,Scotland,United Kingdom,non_profit_non_gov,neighbourhood,,,
7580,organization,Child Poverty Action Group (CPAG),420672,jm25g17,Glasgow,Scotland,United Kingdom,,national,multinational,,
7581,organization,Coalition for Racial Equality and Rights (CRER) TEST,420672,jm25g17,Glasgow,Scotland,United Kingdom,non_profit_non_gov,national,,,
7582,organization,Glasgow Disability Alliance (GDA),420672,jm25g17,Glasgow,Scotland,United Kingdom,non_profit_non_gov,city/town,national,,
7668,organization,European Partnership for Democracy (EPD) TEST,421210,leonhemkemeyer,Brussels,Brussels,Belgium,non_profit_non_gov,national,regional,multinational,
7670,organization,Ghana Youth Environmental Movement (GYEM) TEST,420654,"""Griselda Asamoah-Gyadu""",,,Ghana,non_profit_non_gov,national,,,
7677,organization,BudgIT,421308,"""Oyinade Adekunle""",Lagos,Lagos,Nigeria,non_profit_non_gov,multinational,,,
7706,organization,"Accountability Lab, Nigeria",421308,"""Oyinade Adekunle""",Abuja,Federal Capital Territory,Nigeria,non_profit_non_gov,,,,
7759,organization,Soliya,421614,"""Jennifer Wallace Participedia Team""",New York,New York,United States,non_profit_non_gov,,,,
7762,organization,MAOZ,421204,"""Nina Sartor""",,,Israel,non_profit_non_gov,,,,
7787,organization,Khulumani Support Group,195654,"""Paul Emiljanowicz""",,,South Africa,non_profit_non_gov,,,,"(8015,collection,""Global Truth and Reconcilliation Commissions Collection"")"
7792,organization,Engage Britain,421781,tara.bradberry,London,England,United Kingdom,,,,,
7804,organization,Invest In Hamilton,421576,kayl3,Hamilton,Ontario,Canada,,,,,
7805,organization,The Initiative For Change,421576,kayl3,Hamilton,Ontario,Canada,non_profit_non_gov,,,,
7807,organization,City of Helsinki,421699,cpi1n19,Helsinki,,Finland,government,,,,
7814,organization,Nova Scotia Power,421553,tlc1g18,,Nova Scotia,Canada,,,,,
7822,organization,City of Barcelona,421699,cpi1n19,,,,,,,,
7827,organization,Res Publica Foundation,421822,df1g20,,,,,,,,
7828,organization,Foundation for Social and Economic Initiatives,421822,df1g20,,,,,,,,
7830,organization,Tartu City Government,421787,alexaplees,Tartu,Tartu County,Estonia,,,,,
7831,organization,Utopia NGO,421709,ea5g19,,,Slovakia,,,,,
7834,organization,"Citizen voice, towards a participatory democracy",421871,jeromeb988,,,Nouvelle-Calédonie,,,,,
7941,organization,Nigerian Popular Theatre Alliance,421895,maggyspence22,,,,,,,,
7959,organization,E-Governance Academy,421787,alexaplees,Tallinn,Harju County,Estonia,,,,,
7994,organization,Center,421987,javier.vitale1,Mendoza,Mendoza,Argentina,higher_ed,,,,
8011,organization,Tenemos que Hablar de Chile,422022,valentina,,,Chile,,,,,
8012,organization,CULTURE GOES EUROPE (CGE) - Soziokulturelle Initiative Erfurt e.V.,422032,borchardt,Erfurt,Thuringia,Germany,,,,,
8013,organization,City of Barcelona,421699,cpi1n19,,,,,,,,
8014,organization,URBACT,421787,alexaplees,,,,,,,,
8047,organization,Massachusetts Office of Public Collaboration,422265,willowp,Boston,Massachusetts,United States,higher_ed,,,,
8084,organization,The White-Yellow Cross Romania,422323,w1685266,Bucharest,Bucharest,Romania,,,,,
8103,organization,Strategic Design Scenarios,422347,christophe,,,,,,,,
8131,organization,DNU,422370,puris6,,,,non_profit_non_gov,,,,
8149,organization,10C Shared Space,422419,mcmasteribhprogram,Guelph,Ontario,Canada,non_profit_non_gov,,,,
8180,organization,Noi Ortadini,422471,noiortadini,Matera,Basilicata,Italy,non_profit_non_gov,,,,
8248,organization,King Baudouin Foundation,422454,jennahong,Brussels,Brussels,Belgium,,,,,
8270,organization,Federation for Innovation in Democracy - Europe,422672,irene.alonso,Brussels,Brussels,Belgium,,,,,
8278,organization,International Logic Party,422383,egora.ilp,,,Antarctica,,,,,
8368,organization,CCNA classes in pune,422841,kadamaarambh08,,,,,,,,
8498,organization,Berlin Institute for Participation,423051,joerg.sommer,Berlin,Berlin,Deutschland,higher_ed,,,,
8541,organization,Bharatiya Kisan Union,423112,"""Harleen Minocha""",,,India,,,,,
8569,organization,International Indian Treaty Council,422454,jennahong,,,United States,,,,,
8571,organization,"REDHNNA, Network for Human Rights of Children and Adolescents",423127,"""Lorena Liendo Rey""",,,Venezuela,,,,,
8578,organization,Public Ministry of Venezuela,423127,"""Lorena Liendo Rey""",Caracas,Capital District,Venezuela,,,,,
8580,organization,"Centros Comunitarios para el Aprendizaje, CECODAP",423127,"""Lorena Liendo Rey""",Caracas,Capital District,Venezuela,,,,,
8582,organization,"Latin American and Caribbean Network for the Defense of the Rights of Children and Adolescents, REDLAMYC",423127,"""Lorena Liendo Rey""",,,,,,,,
12270,organization,University of Arkansas,423009,chollenbeck,Fayetteville,Arkansas,United States,,,,,
12272,organization,United States Department of Agriculture Forest Service,423009,chollenbeck,,,,,,,,
12280,organization,Centre for Active Learning and Integrated Development (CALID),423437,"""Alhassan Shani""",Tamale,Northern Region,Ghana,,,,,
12283,organization,Kainak,423486,hannabalik9,İstanbul,İstanbul,Türkiye,,,,,
12315,organization,PLDP,423516,raphael.kies,,,,higher_ed,,,,
12322,organization,ISIG - Institute of International Sociology of Gorizia,423506,kakovic,,Friuli-Venezia Giulia,Italy,non_profit_non_gov,,,,
12329,organization,Studio Kappa,423445,www.studiokappa.it,,,Italia,,,,,
12372,organization,Canadian Women for Women Afghanistan (CW4WA),423488,hamrazm,,,Canada,non_profit_non_gov,,,,
12415,organization,Shantee Volunteer Association (SVA) in Afghanistan,423488,hamrazm,Kabul,Kabul,Afghanistan,non_profit_non_gov,,,,
12416,organization,Disability-Inclusive Climate Action Research Programme,423507,sarah.gillies,Montreal,Quebec,Canada,higher_ed,,,,
12417,organization,Community Empowerment for Creative Innovation - CECI Uganda,423640,p1995chandiga,Koboko,Northern Region,Uganda,non_profit_non_gov,,,,
12428,organization,Centre[3],423694,sebrangg,Hamilton,Ontario,Canada,non_profit_non_gov,,,,
12448,organization,Wellington Water Watchers,423716,rajpuh1,Aberfoyle,Ontario,Canada,,,,,
12453,organization,CiviCue,423743,CiviCue,,Taipei City,Taiwan,for_profit,,,,
12471,organization,National Centre for Policy Research (NCPR),423488,hamrazm,Kabul,Kabul,Afghanistan,higher_ed,,,,
12509,organization,Transparency International Lithuania Branch,423799,"""Leonard Koenig""",Vilnius,Vilnius County,Lithuania,,,,,
12543,organization,Eskuela Radical (ESE ERRE),423903,"""Eskuela Radical""",Chihuahua,Chihuahua,Mexico,non_profit_non_gov,,,,
12549,organization,Open Space Works Cooperative,423923,tarastymchuk,,,Ukraine,,,,,
12600,organization,Global Commission on Evidence to Address Societal Challenges,424102,"""Paul Ciurea""",Hamilton,Ontario,Canada,,,,,
12622,organization,PublicInput.com,424266,graham,,,United States,,,,,
12701,organization,Office de participation publique de Longueuil (OPPL),424600,julie.caron-malenfant,Longueuil,Quebec,Canada,,,,,
12731,organization,Inclusive Development International (IDI),420654,"""Griselda Asamoah-Gyadu""",,North Carolina,United States,non_profit_non_gov,,,,
12808,organization,The Computational Democracy Project,418213,lizbarry,,,,,,,,
12809,organization,Afghanistan Women Council,423488,hamrazm,,,,non_profit_non_gov,,,,
12817,organization,FlipSide Opinions,425123,hello,Belfast,Northern Ireland,United Kingdom,,,,,
12829,organization,Voice for UN Convention on the Poor (VUCP),425220,"""VUCP- Voice for UN Convention on the Poor""",,,Bangladesh,,,,,
12830,organization,Afghan Civil Society Forum,423488,hamrazm,,,Afghanistan,non_profit_non_gov,,,,
12838,organization,Afghanistan Institute For Civil Society (AICS),423488,hamrazm,,,Afghanistan,non_profit_non_gov,,,,
12844,organization,Asia Community Development Organization,423488,hamrazm,,,Afghanistan,non_profit_non_gov,,,,
12883,organization,POWA : People Opposing Women Abuse,425511,katelynpheiffer02,Johannesburg,Gauteng,South Africa,non_profit_non_gov,,,,
12890,organization,Violence Prevention through Urban Upgrading,4062406,"""2023-10-29 21:28:43""",Cape Town,Western Cape,South Africa,non_profit_non_gov,,,,
12911,organization,Afghan’s Women Organization,423488,hamrazm,,Ontario,Canada,non_profit_non_gov,,,,
12949,organization,Future Worlds Center,425998,laouris,Nicosia,Nicosia,Cyprus,,,,,
12968,organization,Living Room Conversations,426020,allisonpierce12,,,,non_profit_non_gov,,,,
12972,organization,Purpose Power Town Hall Tour,426026,dallasl,,New York,United States,non_profit_non_gov,,,,
12974,organization,Living Room Conversations,426020,allisonpierce12,,,,non_profit_non_gov,,,,
13050,organization,Women Reclaiming AI,426390,birgitteaga,,,United Kingdom,non_profit_non_gov,,,,
13080,organization,Voice Global,426488,kbsaturday,Den Haag,Zuid-Holland,Netherlands,,,,,
13125,organization,Dembrane,426562,jorim,Eindhoven,North Brabant,Netherlands,for_profit,,,,
